run_id,N,T,initial_corruption_rate_parameter,beta,gamma,alpha,memory_endowment,collaboration_cost,discount_factor,initial_num_corrupted,initial_corruption_rate_actual,final_num_corrupted,final_num_honest,final_corruption_rate,spread_amount,spread_rate_change,full_corruption,no_spread,belief_cutoff
0,400,100,0.05,0.5,0.4,0.9,1.0,0.02,0.9,18,0.045,26,374,0.065,8,0.020000000000000004,False,False,0.034102314032345635
1,400,100,0.05,0.5,0.4,0.9,1.0,0.02,0.9,19,0.0475,21,379,0.0525,2,0.0049999999999999975,False,False,0.034102314032345635
2,400,100,0.05,0.5,0.4,0.9,1.0,0.02,0.9,16,0.04,19,381,0.0475,3,0.0075,False,False,0.034102314032345635
3,400,100,0.05,0.5,0.4,0.9,1.0,0.02,0.9,16,0.04,18,382,0.045,2,0.0049999999999999975,False,False,0.034102314032345635
4,400,100,0.05,0.5,0.4,0.9,1.0,0.02,0.9,14,0.035,19,381,0.0475,5,0.012499999999999997,False,False,0.034102314032345635
5,400,100,0.05,0.5,0.4,0.9,1.0,0.02,0.9,23,0.0575,33,367,0.0825,10,0.025,False,False,0.034102314032345635
6,400,100,0.05,0.5,0.4,0.9,1.0,0.02,0.9,13,0.0325,23,377,0.0575,10,0.025,False,False,0.034102314032345635
7,400,100,0.05,0.5,0.4,0.9,1.0,0.02,0.9,21,0.0525,27,373,0.0675,6,0.015000000000000006,False,False,0.034102314032345635
8,400,100,0.05,0.5,0.4,0.9,1.0,0.02,0.9,12,0.03,20,380,0.05,8,0.020000000000000004,False,False,0.034102314032345635
9,400,100,0.05,0.5,0.4,0.9,1.0,0.02,0.9,12,0.03,19,381,0.0475,7,0.0175,False,False,0.034102314032345635
10,400,100,0.05,0.5,0.4,0.9,1.0,0.02,0.9,19,0.0475,28,372,0.07,9,0.022500000000000006,False,False,0.034102314032345635
11,400,100,0.05,0.5,0.4,0.9,1.0,0.02,0.9,28,0.07,40,360,0.1,12,0.03,False,False,0.034102314032345635
12,400,100,0.05,0.5,0.4,0.9,1.0,0.02,0.9,20,0.05,33,367,0.0825,13,0.0325,False,False,0.034102314032345635
13,400,100,0.05,0.5,0.4,0.9,1.0,0.02,0.9,19,0.0475,32,368,0.08,13,0.0325,False,False,0.034102314032345635
14,400,100,0.05,0.5,0.4,0.9,1.0,0.02,0.9,23,0.0575,31,369,0.0775,8,0.019999999999999997,False,False,0.034102314032345635
15,400,100,0.05,0.5,0.4,0.9,1.0,0.02,0.9,17,0.0425,23,377,0.0575,6,0.015,False,False,0.034102314032345635
16,400,100,0.05,0.5,0.4,0.9,1.0,0.02,0.9,17,0.0425,32,368,0.08,15,0.0375,False,False,0.034102314032345635
17,400,100,0.05,0.5,0.4,0.9,1.0,0.02,0.9,25,0.0625,35,365,0.0875,10,0.024999999999999994,False,False,0.034102314032345635
18,400,100,0.05,0.5,0.4,0.9,1.0,0.02,0.9,21,0.0525,26,374,0.065,5,0.012500000000000004,False,False,0.034102314032345635
19,400,100,0.05,0.5,0.4,0.9,1.0,0.02,0.9,16,0.04,19,381,0.0475,3,0.0075,False,False,0.034102314032345635
20,400,100,0.05,0.5,0.4,0.9,1.0,0.02,0.9,16,0.04,32,368,0.08,16,0.04,False,False,0.034102314032345635
21,400,100,0.05,0.5,0.4,0.9,1.0,0.02,0.9,27,0.0675,36,364,0.09,9,0.022499999999999992,False,False,0.034102314032345635
22,400,100,0.05,0.5,0.4,0.9,1.0,0.02,0.9,23,0.0575,41,359,0.1025,18,0.04499999999999999,False,False,0.034102314032345635
23,400,100,0.05,0.5,0.4,0.9,1.0,0.02,0.9,17,0.0425,24,376,0.06,7,0.017499999999999995,False,False,0.034102314032345635
24,400,100,0.05,0.5,0.4,0.9,1.0,0.02,0.9,19,0.0475,28,372,0.07,9,0.022500000000000006,False,False,0.034102314032345635
25,400,100,0.05,0.5,0.4,0.9,1.0,0.02,0.9,18,0.045,30,370,0.075,12,0.03,False,False,0.034102314032345635
26,400,100,0.05,0.5,0.4,0.9,1.0,0.02,0.9,15,0.0375,17,383,0.0425,2,0.0050000000000000044,False,False,0.034102314032345635
27,400,100,0.05,0.5,0.4,0.9,1.0,0.02,0.9,29,0.0725,39,361,0.0975,10,0.02500000000000001,False,False,0.034102314032345635
28,400,100,0.05,0.5,0.4,0.9,1.0,0.02,0.9,19,0.0475,25,375,0.0625,6,0.015,False,False,0.034102314032345635
29,400,100,0.05,0.5,0.4,0.9,1.0,0.02,0.9,15,0.0375,25,375,0.0625,10,0.025,False,False,0.034102314032345635
30,400,100,0.05,0.5,0.4,0.9,1.0,0.02,0.9,20,0.05,30,370,0.075,10,0.024999999999999994,False,False,0.034102314032345635
31,400,100,0.05,0.5,0.4,0.9,1.0,0.02,0.9,25,0.0625,32,368,0.08,7,0.0175,False,False,0.034102314032345635
32,400,100,0.05,0.5,0.4,0.9,1.0,0.02,0.9,25,0.0625,42,358,0.105,17,0.042499999999999996,False,False,0.034102314032345635
33,400,100,0.05,0.5,0.4,0.9,1.0,0.02,0.9,27,0.0675,42,358,0.105,15,0.03749999999999999,False,False,0.034102314032345635
34,400,100,0.05,0.5,0.4,0.9,1.0,0.02,0.9,23,0.0575,31,369,0.0775,8,0.019999999999999997,False,False,0.034102314032345635
35,400,100,0.05,0.5,0.4,0.9,1.0,0.02,0.9,20,0.05,26,374,0.065,6,0.015,False,False,0.034102314032345635
36,400,100,0.05,0.5,0.4,0.9,1.0,0.02,0.9,21,0.0525,33,367,0.0825,12,0.030000000000000006,False,False,0.034102314032345635
37,400,100,0.05,0.5,0.4,0.9,1.0,0.02,0.9,22,0.055,34,366,0.085,12,0.030000000000000006,False,False,0.034102314032345635
38,400,100,0.05,0.5,0.4,0.9,1.0,0.02,0.9,28,0.07,34,366,0.085,6,0.015,False,False,0.034102314032345635
39,400,100,0.05,0.5,0.4,0.9,1.0,0.02,0.9,18,0.045,31,369,0.0775,13,0.0325,False,False,0.034102314032345635
40,400,100,0.05,0.5,0.4,0.9,1.0,0.02,0.9,16,0.04,25,375,0.0625,9,0.0225,False,False,0.034102314032345635
41,400,100,0.05,0.5,0.4,0.9,1.0,0.02,0.9,13,0.0325,13,387,0.0325,0,0.0,False,True,0.034102314032345635
42,400,100,0.05,0.5,0.4,0.9,1.0,0.02,0.9,16,0.04,24,376,0.06,8,0.019999999999999997,False,False,0.034102314032345635
43,400,100,0.05,0.5,0.4,0.9,1.0,0.02,0.9,24,0.06,32,368,0.08,8,0.020000000000000004,False,False,0.034102314032345635
44,400,100,0.05,0.5,0.4,0.9,1.0,0.02,0.9,18,0.045,26,374,0.065,8,0.020000000000000004,False,False,0.034102314032345635
45,400,100,0.05,0.5,0.4,0.9,1.0,0.02,0.9,18,0.045,25,375,0.0625,7,0.0175,False,False,0.034102314032345635
46,400,100,0.05,0.5,0.4,0.9,1.0,0.02,0.9,21,0.0525,32,368,0.08,11,0.027500000000000004,False,False,0.034102314032345635
47,400,100,0.05,0.5,0.4,0.9,1.0,0.02,0.9,19,0.0475,22,378,0.055,3,0.0075,False,False,0.034102314032345635
48,400,100,0.05,0.5,0.4,0.9,1.0,0.02,0.9,16,0.04,22,378,0.055,6,0.015,False,False,0.034102314032345635
49,400,100,0.05,0.5,0.4,0.9,1.0,0.02,0.9,19,0.0475,28,372,0.07,9,0.022500000000000006,False,False,0.034102314032345635
50,400,100,0.05,0.5,0.4,0.9,1.0,0.02,0.9,16,0.04,24,376,0.06,8,0.019999999999999997,False,False,0.034102314032345635
51,400,100,0.05,0.5,0.4,0.9,1.0,0.02,0.9,20,0.05,28,372,0.07,8,0.020000000000000004,False,False,0.034102314032345635
52,400,100,0.05,0.5,0.4,0.9,1.0,0.02,0.9,19,0.0475,28,372,0.07,9,0.022500000000000006,False,False,0.034102314032345635
53,400,100,0.05,0.5,0.4,0.9,1.0,0.02,0.9,24,0.06,37,363,0.0925,13,0.0325,False,False,0.034102314032345635
54,400,100,0.05,0.5,0.4,0.9,1.0,0.02,0.9,20,0.05,21,379,0.0525,1,0.0024999999999999953,False,False,0.034102314032345635
55,400,100,0.05,0.5,0.4,0.9,1.0,0.02,0.9,25,0.0625,39,361,0.0975,14,0.035,False,False,0.034102314032345635
56,400,100,0.05,0.5,0.4,0.9,1.0,0.02,0.9,23,0.0575,30,370,0.075,7,0.017499999999999995,False,False,0.034102314032345635
57,400,100,0.05,0.5,0.4,0.9,1.0,0.02,0.9,14,0.035,15,385,0.0375,1,0.0024999999999999953,False,False,0.034102314032345635
58,400,100,0.05,0.5,0.4,0.9,1.0,0.02,0.9,19,0.0475,25,375,0.0625,6,0.015,False,False,0.034102314032345635
59,400,100,0.05,0.5,0.4,0.9,1.0,0.02,0.9,27,0.0675,40,360,0.1,13,0.0325,False,False,0.034102314032345635
60,400,100,0.05,0.5,0.4,0.9,1.0,0.02,0.9,18,0.045,29,371,0.0725,11,0.027499999999999997,False,False,0.034102314032345635
61,400,100,0.05,0.5,0.4,0.9,1.0,0.02,0.9,21,0.0525,32,368,0.08,11,0.027500000000000004,False,False,0.034102314032345635
62,400,100,0.05,0.5,0.4,0.9,1.0,0.02,0.9,10,0.025,17,383,0.0425,7,0.0175,False,False,0.034102314032345635
63,400,100,0.05,0.5,0.4,0.9,1.0,0.02,0.9,25,0.0625,36,364,0.09,11,0.027499999999999997,False,False,0.034102314032345635
64,400,100,0.05,0.5,0.4,0.9,1.0,0.02,0.9,20,0.05,33,367,0.0825,13,0.0325,False,False,0.034102314032345635
65,400,100,0.05,0.5,0.4,0.9,1.0,0.02,0.9,24,0.06,39,361,0.0975,15,0.037500000000000006,False,False,0.034102314032345635
66,400,100,0.05,0.5,0.4,0.9,1.0,0.02,0.9,15,0.0375,19,381,0.0475,4,0.010000000000000002,False,False,0.034102314032345635
67,400,100,0.05,0.5,0.4,0.9,1.0,0.02,0.9,16,0.04,22,378,0.055,6,0.015,False,False,0.034102314032345635
68,400,100,0.05,0.5,0.4,0.9,1.0,0.02,0.9,17,0.0425,23,377,0.0575,6,0.015,False,False,0.034102314032345635
69,400,100,0.05,0.5,0.4,0.9,1.0,0.02,0.9,24,0.06,39,361,0.0975,15,0.037500000000000006,False,False,0.034102314032345635
70,400,100,0.05,0.5,0.4,0.9,1.0,0.02,0.9,22,0.055,28,372,0.07,6,0.015000000000000006,False,False,0.034102314032345635
71,400,100,0.05,0.5,0.4,0.9,1.0,0.02,0.9,22,0.055,30,370,0.075,8,0.019999999999999997,False,False,0.034102314032345635
72,400,100,0.05,0.5,0.4,0.9,1.0,0.02,0.9,20,0.05,25,375,0.0625,5,0.012499999999999997,False,False,0.034102314032345635
73,400,100,0.05,0.5,0.4,0.9,1.0,0.02,0.9,22,0.055,30,370,0.075,8,0.019999999999999997,False,False,0.034102314032345635
74,400,100,0.05,0.5,0.4,0.9,1.0,0.02,0.9,26,0.065,47,353,0.1175,21,0.05249999999999999,False,False,0.034102314032345635
75,400,100,0.05,0.5,0.4,0.9,1.0,0.02,0.9,19,0.0475,30,370,0.075,11,0.027499999999999997,False,False,0.034102314032345635
76,400,100,0.05,0.5,0.4,0.9,1.0,0.02,0.9,18,0.045,24,376,0.06,6,0.015,False,False,0.034102314032345635
77,400,100,0.05,0.5,0.4,0.9,1.0,0.02,0.9,19,0.0475,32,368,0.08,13,0.0325,False,False,0.034102314032345635
78,400,100,0.05,0.5,0.4,0.9,1.0,0.02,0.9,16,0.04,31,369,0.0775,15,0.0375,False,False,0.034102314032345635
79,400,100,0.05,0.5,0.4,0.9,1.0,0.02,0.9,27,0.0675,36,364,0.09,9,0.022499999999999992,False,False,0.034102314032345635
80,400,100,0.05,0.5,0.4,0.9,1.0,0.02,0.9,16,0.04,21,379,0.0525,5,0.012499999999999997,False,False,0.034102314032345635
81,400,100,0.05,0.5,0.4,0.9,1.0,0.02,0.9,25,0.0625,39,361,0.0975,14,0.035,False,False,0.034102314032345635
82,400,100,0.05,0.5,0.4,0.9,1.0,0.02,0.9,15,0.0375,19,381,0.0475,4,0.010000000000000002,False,False,0.034102314032345635
83,400,100,0.05,0.5,0.4,0.9,1.0,0.02,0.9,27,0.0675,42,358,0.105,15,0.03749999999999999,False,False,0.034102314032345635
84,400,100,0.05,0.5,0.4,0.9,1.0,0.02,0.9,17,0.0425,30,370,0.075,13,0.032499999999999994,False,False,0.034102314032345635
85,400,100,0.05,0.5,0.4,0.9,1.0,0.02,0.9,17,0.0425,26,374,0.065,9,0.0225,False,False,0.034102314032345635
86,400,100,0.05,0.5,0.4,0.9,1.0,0.02,0.9,19,0.0475,28,372,0.07,9,0.022500000000000006,False,False,0.034102314032345635
87,400,100,0.05,0.5,0.4,0.9,1.0,0.02,0.9,32,0.08,44,356,0.11,12,0.03,False,False,0.034102314032345635
88,400,100,0.05,0.5,0.4,0.9,1.0,0.02,0.9,16,0.04,27,373,0.0675,11,0.027500000000000004,False,False,0.034102314032345635
89,400,100,0.05,0.5,0.4,0.9,1.0,0.02,0.9,25,0.0625,42,358,0.105,17,0.042499999999999996,False,False,0.034102314032345635
90,400,100,0.05,0.5,0.4,0.9,1.0,0.02,0.9,21,0.0525,29,371,0.0725,8,0.019999999999999997,False,False,0.034102314032345635
91,400,100,0.05,0.5,0.4,0.9,1.0,0.02,0.9,26,0.065,33,367,0.0825,7,0.0175,False,False,0.034102314032345635
92,400,100,0.05,0.5,0.4,0.9,1.0,0.02,0.9,23,0.0575,35,365,0.0875,12,0.029999999999999992,False,False,0.034102314032345635
93,400,100,0.05,0.5,0.4,0.9,1.0,0.02,0.9,17,0.0425,22,378,0.055,5,0.012499999999999997,False,False,0.034102314032345635
94,400,100,0.05,0.5,0.4,0.9,1.0,0.02,0.9,21,0.0525,28,372,0.07,7,0.01750000000000001,False,False,0.034102314032345635
95,400,100,0.05,0.5,0.4,0.9,1.0,0.02,0.9,15,0.0375,18,382,0.045,3,0.0075,False,False,0.034102314032345635
96,400,100,0.05,0.5,0.4,0.9,1.0,0.02,0.9,28,0.07,45,355,0.1125,17,0.042499999999999996,False,False,0.034102314032345635
97,400,100,0.05,0.5,0.4,0.9,1.0,0.02,0.9,17,0.0425,20,380,0.05,3,0.0075,False,False,0.034102314032345635
98,400,100,0.05,0.5,0.4,0.9,1.0,0.02,0.9,22,0.055,25,375,0.0625,3,0.0075,False,False,0.034102314032345635
99,400,100,0.05,0.5,0.4,0.9,1.0,0.02,0.9,15,0.0375,22,378,0.055,7,0.0175,False,False,0.034102314032345635
100,400,100,0.05,0.5,0.4,0.9,1.0,0.02,0.9,15,0.0375,24,376,0.06,9,0.0225,False,False,0.034102314032345635
101,400,100,0.05,0.5,0.4,0.9,1.0,0.02,0.9,20,0.05,24,376,0.06,4,0.009999999999999995,False,False,0.034102314032345635
102,400,100,0.05,0.5,0.4,0.9,1.0,0.02,0.9,11,0.0275,20,380,0.05,9,0.022500000000000003,False,False,0.034102314032345635
103,400,100,0.05,0.5,0.4,0.9,1.0,0.02,0.9,18,0.045,25,375,0.0625,7,0.0175,False,False,0.034102314032345635
104,400,100,0.05,0.5,0.4,0.9,1.0,0.02,0.9,11,0.0275,17,383,0.0425,6,0.015000000000000003,False,False,0.034102314032345635
105,400,100,0.05,0.5,0.4,0.9,1.0,0.02,0.9,28,0.07,43,357,0.1075,15,0.03749999999999999,False,False,0.034102314032345635
106,400,100,0.05,0.5,0.4,0.9,1.0,0.02,0.9,16,0.04,21,379,0.0525,5,0.012499999999999997,False,False,0.034102314032345635
107,400,100,0.05,0.5,0.4,0.9,1.0,0.02,0.9,18,0.045,28,372,0.07,10,0.02500000000000001,False,False,0.034102314032345635
108,400,100,0.05,0.5,0.4,0.9,1.0,0.02,0.9,12,0.03,17,383,0.0425,5,0.012500000000000004,False,False,0.034102314032345635
109,400,100,0.05,0.5,0.4,0.9,1.0,0.02,0.9,20,0.05,34,366,0.085,14,0.035,False,False,0.034102314032345635
110,400,100,0.05,0.5,0.4,0.9,1.0,0.02,0.9,16,0.04,17,383,0.0425,1,0.0025000000000000022,False,False,0.034102314032345635
111,400,100,0.05,0.5,0.4,0.9,1.0,0.02,0.9,15,0.0375,18,382,0.045,3,0.0075,False,False,0.034102314032345635
112,400,100,0.05,0.5,0.4,0.9,1.0,0.02,0.9,15,0.0375,18,382,0.045,3,0.0075,False,False,0.034102314032345635
113,400,100,0.05,0.5,0.4,0.9,1.0,0.02,0.9,12,0.03,19,381,0.0475,7,0.0175,False,False,0.034102314032345635
114,400,100,0.05,0.5,0.4,0.9,1.0,0.02,0.9,16,0.04,23,377,0.0575,7,0.0175,False,False,0.034102314032345635
115,400,100,0.05,0.5,0.4,0.9,1.0,0.02,0.9,22,0.055,29,371,0.0725,7,0.017499999999999995,False,False,0.034102314032345635
116,400,100,0.05,0.5,0.4,0.9,1.0,0.02,0.9,26,0.065,33,367,0.0825,7,0.0175,False,False,0.034102314032345635
117,400,100,0.05,0.5,0.4,0.9,1.0,0.02,0.9,21,0.0525,26,374,0.065,5,0.012500000000000004,False,False,0.034102314032345635
118,400,100,0.05,0.5,0.4,0.9,1.0,0.02,0.9,18,0.045,23,377,0.0575,5,0.012500000000000004,False,False,0.034102314032345635
119,400,100,0.05,0.5,0.4,0.9,1.0,0.02,0.9,14,0.035,19,381,0.0475,5,0.012499999999999997,False,False,0.034102314032345635
120,400,100,0.05,0.5,0.4,0.9,1.0,0.02,0.9,23,0.0575,28,372,0.07,5,0.012500000000000004,False,False,0.034102314032345635
121,400,100,0.05,0.5,0.4,0.9,1.0,0.02,0.9,25,0.0625,37,363,0.0925,12,0.03,False,False,0.034102314032345635
122,400,100,0.05,0.5,0.4,0.9,1.0,0.02,0.9,17,0.0425,28,372,0.07,11,0.027500000000000004,False,False,0.034102314032345635
123,400,100,0.05,0.5,0.4,0.9,1.0,0.02,0.9,19,0.0475,36,364,0.09,17,0.042499999999999996,False,False,0.034102314032345635
124,400,100,0.05,0.5,0.4,0.9,1.0,0.02,0.9,23,0.0575,35,365,0.0875,12,0.029999999999999992,False,False,0.034102314032345635
125,400,100,0.05,0.5,0.4,0.9,1.0,0.02,0.9,20,0.05,31,369,0.0775,11,0.027499999999999997,False,False,0.034102314032345635
126,400,100,0.05,0.5,0.4,0.9,1.0,0.02,0.9,15,0.0375,26,374,0.065,11,0.027500000000000004,False,False,0.034102314032345635
127,400,100,0.05,0.5,0.4,0.9,1.0,0.02,0.9,23,0.0575,39,361,0.0975,16,0.04,False,False,0.034102314032345635
128,400,100,0.05,0.5,0.4,0.9,1.0,0.02,0.9,21,0.0525,33,367,0.0825,12,0.030000000000000006,False,False,0.034102314032345635
129,400,100,0.05,0.5,0.4,0.9,1.0,0.02,0.9,16,0.04,23,377,0.0575,7,0.0175,False,False,0.034102314032345635
130,400,100,0.05,0.5,0.4,0.9,1.0,0.02,0.9,18,0.045,19,381,0.0475,1,0.0025000000000000022,False,False,0.034102314032345635
131,400,100,0.05,0.5,0.4,0.9,1.0,0.02,0.9,13,0.0325,16,384,0.04,3,0.0075,False,False,0.034102314032345635
132,400,100,0.05,0.5,0.4,0.9,1.0,0.02,0.9,13,0.0325,18,382,0.045,5,0.012499999999999997,False,False,0.034102314032345635
133,400,100,0.05,0.5,0.4,0.9,1.0,0.02,0.9,9,0.0225,13,387,0.0325,4,0.010000000000000002,False,False,0.034102314032345635
134,400,100,0.05,0.5,0.4,0.9,1.0,0.02,0.9,19,0.0475,29,371,0.0725,10,0.024999999999999994,False,False,0.034102314032345635
135,400,100,0.05,0.5,0.4,0.9,1.0,0.02,0.9,16,0.04,23,377,0.0575,7,0.0175,False,False,0.034102314032345635
136,400,100,0.05,0.5,0.4,0.9,1.0,0.02,0.9,15,0.0375,16,384,0.04,1,0.0025000000000000022,False,False,0.034102314032345635
137,400,100,0.05,0.5,0.4,0.9,1.0,0.02,0.9,25,0.0625,30,370,0.075,5,0.012499999999999997,False,False,0.034102314032345635
138,400,100,0.05,0.5,0.4,0.9,1.0,0.02,0.9,22,0.055,26,374,0.065,4,0.010000000000000002,False,False,0.034102314032345635
139,400,100,0.05,0.5,0.4,0.9,1.0,0.02,0.9,16,0.04,24,376,0.06,8,0.019999999999999997,False,False,0.034102314032345635
140,400,100,0.05,0.5,0.4,0.9,1.0,0.02,0.9,24,0.06,37,363,0.0925,13,0.0325,False,False,0.034102314032345635
141,400,100,0.05,0.5,0.4,0.9,1.0,0.02,0.9,21,0.0525,32,368,0.08,11,0.027500000000000004,False,False,0.034102314032345635
142,400,100,0.05,0.5,0.4,0.9,1.0,0.02,0.9,13,0.0325,16,384,0.04,3,0.0075,False,False,0.034102314032345635
143,400,100,0.05,0.5,0.4,0.9,1.0,0.02,0.9,21,0.0525,22,378,0.055,1,0.0025000000000000022,False,False,0.034102314032345635
144,400,100,0.05,0.5,0.4,0.9,1.0,0.02,0.9,17,0.0425,22,378,0.055,5,0.012499999999999997,False,False,0.034102314032345635
145,400,100,0.05,0.5,0.4,0.9,1.0,0.02,0.9,27,0.0675,45,355,0.1125,18,0.045,False,False,0.034102314032345635
146,400,100,0.05,0.5,0.4,0.9,1.0,0.02,0.9,28,0.07,33,367,0.0825,5,0.012499999999999997,False,False,0.034102314032345635
147,400,100,0.05,0.5,0.4,0.9,1.0,0.02,0.9,19,0.0475,30,370,0.075,11,0.027499999999999997,False,False,0.034102314032345635
148,400,100,0.05,0.5,0.4,0.9,1.0,0.02,0.9,16,0.04,23,377,0.0575,7,0.0175,False,False,0.034102314032345635
149,400,100,0.05,0.5,0.4,0.9,1.0,0.02,0.9,21,0.0525,29,371,0.0725,8,0.019999999999999997,False,False,0.034102314032345635
150,400,100,0.05,0.5,0.4,0.9,1.0,0.02,0.9,22,0.055,31,369,0.0775,9,0.0225,False,False,0.034102314032345635
151,400,100,0.05,0.5,0.4,0.9,1.0,0.02,0.9,27,0.0675,38,362,0.095,11,0.027499999999999997,False,False,0.034102314032345635
152,400,100,0.05,0.5,0.4,0.9,1.0,0.02,0.9,29,0.0725,39,361,0.0975,10,0.02500000000000001,False,False,0.034102314032345635
153,400,100,0.05,0.5,0.4,0.9,1.0,0.02,0.9,20,0.05,30,370,0.075,10,0.024999999999999994,False,False,0.034102314032345635
154,400,100,0.05,0.5,0.4,0.9,1.0,0.02,0.9,16,0.04,19,381,0.0475,3,0.0075,False,False,0.034102314032345635
155,400,100,0.05,0.5,0.4,0.9,1.0,0.02,0.9,22,0.055,26,374,0.065,4,0.010000000000000002,False,False,0.034102314032345635
156,400,100,0.05,0.5,0.4,0.9,1.0,0.02,0.9,28,0.07,35,365,0.0875,7,0.017499999999999988,False,False,0.034102314032345635
157,400,100,0.05,0.5,0.4,0.9,1.0,0.02,0.9,24,0.06,38,362,0.095,14,0.035,False,False,0.034102314032345635
158,400,100,0.05,0.5,0.4,0.9,1.0,0.02,0.9,16,0.04,27,373,0.0675,11,0.027500000000000004,False,False,0.034102314032345635
159,400,100,0.05,0.5,0.4,0.9,1.0,0.02,0.9,15,0.0375,24,376,0.06,9,0.0225,False,False,0.034102314032345635
160,400,100,0.05,0.5,0.4,0.9,1.0,0.02,0.9,22,0.055,31,369,0.0775,9,0.0225,False,False,0.034102314032345635
161,400,100,0.05,0.5,0.4,0.9,1.0,0.02,0.9,21,0.0525,28,372,0.07,7,0.01750000000000001,False,False,0.034102314032345635
162,400,100,0.05,0.5,0.4,0.9,1.0,0.02,0.9,21,0.0525,29,371,0.0725,8,0.019999999999999997,False,False,0.034102314032345635
163,400,100,0.05,0.5,0.4,0.9,1.0,0.02,0.9,23,0.0575,30,370,0.075,7,0.017499999999999995,False,False,0.034102314032345635
164,400,100,0.05,0.5,0.4,0.9,1.0,0.02,0.9,24,0.06,36,364,0.09,12,0.03,False,False,0.034102314032345635
165,400,100,0.05,0.5,0.4,0.9,1.0,0.02,0.9,19,0.0475,25,375,0.0625,6,0.015,False,False,0.034102314032345635
166,400,100,0.05,0.5,0.4,0.9,1.0,0.02,0.9,19,0.0475,31,369,0.0775,12,0.03,False,False,0.034102314032345635
167,400,100,0.05,0.5,0.4,0.9,1.0,0.02,0.9,16,0.04,21,379,0.0525,5,0.012499999999999997,False,False,0.034102314032345635
168,400,100,0.05,0.5,0.4,0.9,1.0,0.02,0.9,22,0.055,29,371,0.0725,7,0.017499999999999995,False,False,0.034102314032345635
169,400,100,0.05,0.5,0.4,0.9,1.0,0.02,0.9,18,0.045,28,372,0.07,10,0.02500000000000001,False,False,0.034102314032345635
170,400,100,0.05,0.5,0.4,0.9,1.0,0.02,0.9,16,0.04,28,372,0.07,12,0.030000000000000006,False,False,0.034102314032345635
171,400,100,0.05,0.5,0.4,0.9,1.0,0.02,0.9,28,0.07,35,365,0.0875,7,0.017499999999999988,False,False,0.034102314032345635
172,400,100,0.05,0.5,0.4,0.9,1.0,0.02,0.9,19,0.0475,30,370,0.075,11,0.027499999999999997,False,False,0.034102314032345635
173,400,100,0.05,0.5,0.4,0.9,1.0,0.02,0.9,15,0.0375,22,378,0.055,7,0.0175,False,False,0.034102314032345635
174,400,100,0.05,0.5,0.4,0.9,1.0,0.02,0.9,16,0.04,32,368,0.08,16,0.04,False,False,0.034102314032345635
175,400,100,0.05,0.5,0.4,0.9,1.0,0.02,0.9,19,0.0475,21,379,0.0525,2,0.0049999999999999975,False,False,0.034102314032345635
176,400,100,0.05,0.5,0.4,0.9,1.0,0.02,0.9,22,0.055,27,373,0.0675,5,0.012500000000000004,False,False,0.034102314032345635
177,400,100,0.05,0.5,0.4,0.9,1.0,0.02,0.9,22,0.055,27,373,0.0675,5,0.012500000000000004,False,False,0.034102314032345635
178,400,100,0.05,0.5,0.4,0.9,1.0,0.02,0.9,16,0.04,25,375,0.0625,9,0.0225,False,False,0.034102314032345635
179,400,100,0.05,0.5,0.4,0.9,1.0,0.02,0.9,17,0.0425,23,377,0.0575,6,0.015,False,False,0.034102314032345635
180,400,100,0.05,0.5,0.4,0.9,1.0,0.02,0.9,22,0.055,38,362,0.095,16,0.04,False,False,0.034102314032345635
181,400,100,0.05,0.5,0.4,0.9,1.0,0.02,0.9,15,0.0375,20,380,0.05,5,0.012500000000000004,False,False,0.034102314032345635
182,400,100,0.05,0.5,0.4,0.9,1.0,0.02,0.9,16,0.04,24,376,0.06,8,0.019999999999999997,False,False,0.034102314032345635
183,400,100,0.05,0.5,0.4,0.9,1.0,0.02,0.9,20,0.05,29,371,0.0725,9,0.022499999999999992,False,False,0.034102314032345635
184,400,100,0.05,0.5,0.4,0.9,1.0,0.02,0.9,16,0.04,23,377,0.0575,7,0.0175,False,False,0.034102314032345635
185,400,100,0.05,0.5,0.4,0.9,1.0,0.02,0.9,20,0.05,25,375,0.0625,5,0.012499999999999997,False,False,0.034102314032345635
186,400,100,0.05,0.5,0.4,0.9,1.0,0.02,0.9,19,0.0475,38,362,0.095,19,0.0475,False,False,0.034102314032345635
187,400,100,0.05,0.5,0.4,0.9,1.0,0.02,0.9,18,0.045,26,374,0.065,8,0.020000000000000004,False,False,0.034102314032345635
188,400,100,0.05,0.5,0.4,0.9,1.0,0.02,0.9,29,0.0725,43,357,0.1075,14,0.035,False,False,0.034102314032345635
189,400,100,0.05,0.5,0.4,0.9,1.0,0.02,0.9,21,0.0525,28,372,0.07,7,0.01750000000000001,False,False,0.034102314032345635
190,400,100,0.05,0.5,0.4,0.9,1.0,0.02,0.9,12,0.03,14,386,0.035,2,0.0050000000000000044,False,False,0.034102314032345635
191,400,100,0.05,0.5,0.4,0.9,1.0,0.02,0.9,18,0.045,32,368,0.08,14,0.035,False,False,0.034102314032345635
192,400,100,0.05,0.5,0.4,0.9,1.0,0.02,0.9,24,0.06,36,364,0.09,12,0.03,False,False,0.034102314032345635
193,400,100,0.05,0.5,0.4,0.9,1.0,0.02,0.9,20,0.05,23,377,0.0575,3,0.0075,False,False,0.034102314032345635
194,400,100,0.05,0.5,0.4,0.9,1.0,0.02,0.9,18,0.045,27,373,0.0675,9,0.022500000000000006,False,False,0.034102314032345635
195,400,100,0.05,0.5,0.4,0.9,1.0,0.02,0.9,34,0.085,53,347,0.1325,19,0.0475,False,False,0.034102314032345635
196,400,100,0.05,0.5,0.4,0.9,1.0,0.02,0.9,28,0.07,43,357,0.1075,15,0.03749999999999999,False,False,0.034102314032345635
197,400,100,0.05,0.5,0.4,0.9,1.0,0.02,0.9,23,0.0575,31,369,0.0775,8,0.019999999999999997,False,False,0.034102314032345635
198,400,100,0.05,0.5,0.4,0.9,1.0,0.02,0.9,17,0.0425,23,377,0.0575,6,0.015,False,False,0.034102314032345635
199,400,100,0.05,0.5,0.4,0.9,1.0,0.02,0.9,21,0.0525,32,368,0.08,11,0.027500000000000004,False,False,0.034102314032345635
200,400,100,0.05,0.5,0.4,0.9,1.0,0.02,0.9,21,0.0525,33,367,0.0825,12,0.030000000000000006,False,False,0.034102314032345635
201,400,100,0.05,0.5,0.4,0.9,1.0,0.02,0.9,22,0.055,28,372,0.07,6,0.015000000000000006,False,False,0.034102314032345635
202,400,100,0.05,0.5,0.4,0.9,1.0,0.02,0.9,14,0.035,19,381,0.0475,5,0.012499999999999997,False,False,0.034102314032345635
203,400,100,0.05,0.5,0.4,0.9,1.0,0.02,0.9,23,0.0575,35,365,0.0875,12,0.029999999999999992,False,False,0.034102314032345635
204,400,100,0.05,0.5,0.4,0.9,1.0,0.02,0.9,20,0.05,32,368,0.08,12,0.03,False,False,0.034102314032345635
205,400,100,0.05,0.5,0.4,0.9,1.0,0.02,0.9,16,0.04,20,380,0.05,4,0.010000000000000002,False,False,0.034102314032345635
206,400,100,0.05,0.5,0.4,0.9,1.0,0.02,0.9,17,0.0425,23,377,0.0575,6,0.015,False,False,0.034102314032345635
207,400,100,0.05,0.5,0.4,0.9,1.0,0.02,0.9,21,0.0525,41,359,0.1025,20,0.049999999999999996,False,False,0.034102314032345635
208,400,100,0.05,0.5,0.4,0.9,1.0,0.02,0.9,22,0.055,35,365,0.0875,13,0.032499999999999994,False,False,0.034102314032345635
209,400,100,0.05,0.5,0.4,0.9,1.0,0.02,0.9,23,0.0575,35,365,0.0875,12,0.029999999999999992,False,False,0.034102314032345635
210,400,100,0.05,0.5,0.4,0.9,1.0,0.02,0.9,17,0.0425,20,380,0.05,3,0.0075,False,False,0.034102314032345635
211,400,100,0.05,0.5,0.4,0.9,1.0,0.02,0.9,16,0.04,22,378,0.055,6,0.015,False,False,0.034102314032345635
212,400,100,0.05,0.5,0.4,0.9,1.0,0.02,0.9,12,0.03,22,378,0.055,10,0.025,False,False,0.034102314032345635
213,400,100,0.05,0.5,0.4,0.9,1.0,0.02,0.9,20,0.05,27,373,0.0675,7,0.0175,False,False,0.034102314032345635
214,400,100,0.05,0.5,0.4,0.9,1.0,0.02,0.9,21,0.0525,35,365,0.0875,14,0.034999999999999996,False,False,0.034102314032345635
215,400,100,0.05,0.5,0.4,0.9,1.0,0.02,0.9,16,0.04,23,377,0.0575,7,0.0175,False,False,0.034102314032345635
216,400,100,0.05,0.5,0.4,0.9,1.0,0.02,0.9,20,0.05,31,369,0.0775,11,0.027499999999999997,False,False,0.034102314032345635
217,400,100,0.05,0.5,0.4,0.9,1.0,0.02,0.9,16,0.04,29,371,0.0725,13,0.032499999999999994,False,False,0.034102314032345635
218,400,100,0.05,0.5,0.4,0.9,1.0,0.02,0.9,14,0.035,19,381,0.0475,5,0.012499999999999997,False,False,0.034102314032345635
219,400,100,0.05,0.5,0.4,0.9,1.0,0.02,0.9,22,0.055,32,368,0.08,10,0.025,False,False,0.034102314032345635
220,400,100,0.05,0.5,0.4,0.9,1.0,0.02,0.9,20,0.05,30,370,0.075,10,0.024999999999999994,False,False,0.034102314032345635
221,400,100,0.05,0.5,0.4,0.9,1.0,0.02,0.9,19,0.0475,27,373,0.0675,8,0.020000000000000004,False,False,0.034102314032345635
222,400,100,0.05,0.5,0.4,0.9,1.0,0.02,0.9,18,0.045,24,376,0.06,6,0.015,False,False,0.034102314032345635
223,400,100,0.05,0.5,0.4,0.9,1.0,0.02,0.9,30,0.075,42,358,0.105,12,0.03,False,False,0.034102314032345635
224,400,100,0.05,0.5,0.4,0.9,1.0,0.02,0.9,18,0.045,25,375,0.0625,7,0.0175,False,False,0.034102314032345635
225,400,100,0.05,0.5,0.4,0.9,1.0,0.02,0.9,19,0.0475,28,372,0.07,9,0.022500000000000006,False,False,0.034102314032345635
226,400,100,0.05,0.5,0.4,0.9,1.0,0.02,0.9,22,0.055,29,371,0.0725,7,0.017499999999999995,False,False,0.034102314032345635
227,400,100,0.05,0.5,0.4,0.9,1.0,0.02,0.9,18,0.045,29,371,0.0725,11,0.027499999999999997,False,False,0.034102314032345635
228,400,100,0.05,0.5,0.4,0.9,1.0,0.02,0.9,24,0.06,33,367,0.0825,9,0.022500000000000006,False,False,0.034102314032345635
229,400,100,0.05,0.5,0.4,0.9,1.0,0.02,0.9,25,0.0625,36,364,0.09,11,0.027499999999999997,False,False,0.034102314032345635
230,400,100,0.05,0.5,0.4,0.9,1.0,0.02,0.9,21,0.0525,32,368,0.08,11,0.027500000000000004,False,False,0.034102314032345635
231,400,100,0.05,0.5,0.4,0.9,1.0,0.02,0.9,19,0.0475,39,361,0.0975,20,0.05,False,False,0.034102314032345635
232,400,100,0.05,0.5,0.4,0.9,1.0,0.02,0.9,16,0.04,23,377,0.0575,7,0.0175,False,False,0.034102314032345635
233,400,100,0.05,0.5,0.4,0.9,1.0,0.02,0.9,20,0.05,31,369,0.0775,11,0.027499999999999997,False,False,0.034102314032345635
234,400,100,0.05,0.5,0.4,0.9,1.0,0.02,0.9,21,0.0525,27,373,0.0675,6,0.015000000000000006,False,False,0.034102314032345635
235,400,100,0.05,0.5,0.4,0.9,1.0,0.02,0.9,19,0.0475,25,375,0.0625,6,0.015,False,False,0.034102314032345635
236,400,100,0.05,0.5,0.4,0.9,1.0,0.02,0.9,20,0.05,37,363,0.0925,17,0.042499999999999996,False,False,0.034102314032345635
237,400,100,0.05,0.5,0.4,0.9,1.0,0.02,0.9,18,0.045,28,372,0.07,10,0.02500000000000001,False,False,0.034102314032345635
238,400,100,0.05,0.5,0.4,0.9,1.0,0.02,0.9,23,0.0575,41,359,0.1025,18,0.04499999999999999,False,False,0.034102314032345635
239,400,100,0.05,0.5,0.4,0.9,1.0,0.02,0.9,28,0.07,39,361,0.0975,11,0.027499999999999997,False,False,0.034102314032345635
240,400,100,0.05,0.5,0.4,0.9,1.0,0.02,0.9,23,0.0575,34,366,0.085,11,0.027500000000000004,False,False,0.034102314032345635
241,400,100,0.05,0.5,0.4,0.9,1.0,0.02,0.9,13,0.0325,20,380,0.05,7,0.0175,False,False,0.034102314032345635
242,400,100,0.05,0.5,0.4,0.9,1.0,0.02,0.9,29,0.0725,33,367,0.0825,4,0.010000000000000009,False,False,0.034102314032345635
243,400,100,0.05,0.5,0.4,0.9,1.0,0.02,0.9,19,0.0475,27,373,0.0675,8,0.020000000000000004,False,False,0.034102314032345635
244,400,100,0.05,0.5,0.4,0.9,1.0,0.02,0.9,22,0.055,31,369,0.0775,9,0.0225,False,False,0.034102314032345635
245,400,100,0.05,0.5,0.4,0.9,1.0,0.02,0.9,19,0.0475,24,376,0.06,5,0.012499999999999997,False,False,0.034102314032345635
246,400,100,0.05,0.5,0.4,0.9,1.0,0.02,0.9,19,0.0475,32,368,0.08,13,0.0325,False,False,0.034102314032345635
247,400,100,0.05,0.5,0.4,0.9,1.0,0.02,0.9,24,0.06,36,364,0.09,12,0.03,False,False,0.034102314032345635
248,400,100,0.05,0.5,0.4,0.9,1.0,0.02,0.9,20,0.05,29,371,0.0725,9,0.022499999999999992,False,False,0.034102314032345635
249,400,100,0.05,0.5,0.4,0.9,1.0,0.02,0.9,21,0.0525,31,369,0.0775,10,0.025,False,False,0.034102314032345635
250,400,100,0.05,0.5,0.4,0.9,1.0,0.02,0.9,25,0.0625,33,367,0.0825,8,0.020000000000000004,False,False,0.034102314032345635
251,400,100,0.05,0.5,0.4,0.9,1.0,0.02,0.9,20,0.05,28,372,0.07,8,0.020000000000000004,False,False,0.034102314032345635
252,400,100,0.05,0.5,0.4,0.9,1.0,0.02,0.9,20,0.05,30,370,0.075,10,0.024999999999999994,False,False,0.034102314032345635
253,400,100,0.05,0.5,0.4,0.9,1.0,0.02,0.9,29,0.0725,46,354,0.115,17,0.04250000000000001,False,False,0.034102314032345635
254,400,100,0.05,0.5,0.4,0.9,1.0,0.02,0.9,17,0.0425,32,368,0.08,15,0.0375,False,False,0.034102314032345635
255,400,100,0.05,0.5,0.4,0.9,1.0,0.02,0.9,16,0.04,27,373,0.0675,11,0.027500000000000004,False,False,0.034102314032345635
256,400,100,0.05,0.5,0.4,0.9,1.0,0.02,0.9,25,0.0625,33,367,0.0825,8,0.020000000000000004,False,False,0.034102314032345635
257,400,100,0.05,0.5,0.4,0.9,1.0,0.02,0.9,17,0.0425,29,371,0.0725,12,0.029999999999999992,False,False,0.034102314032345635
258,400,100,0.05,0.5,0.4,0.9,1.0,0.02,0.9,23,0.0575,39,361,0.0975,16,0.04,False,False,0.034102314032345635
259,400,100,0.05,0.5,0.4,0.9,1.0,0.02,0.9,29,0.0725,35,365,0.0875,6,0.015,False,False,0.034102314032345635
260,400,100,0.05,0.5,0.4,0.9,1.0,0.02,0.9,25,0.0625,32,368,0.08,7,0.0175,False,False,0.034102314032345635
261,400,100,0.05,0.5,0.4,0.9,1.0,0.02,0.9,20,0.05,29,371,0.0725,9,0.022499999999999992,False,False,0.034102314032345635
262,400,100,0.05,0.5,0.4,0.9,1.0,0.02,0.9,27,0.0675,41,359,0.1025,14,0.03499999999999999,False,False,0.034102314032345635
263,400,100,0.05,0.5,0.4,0.9,1.0,0.02,0.9,27,0.0675,35,365,0.0875,8,0.01999999999999999,False,False,0.034102314032345635
264,400,100,0.05,0.5,0.4,0.9,1.0,0.02,0.9,29,0.0725,55,345,0.1375,26,0.06500000000000002,False,False,0.034102314032345635
265,400,100,0.05,0.5,0.4,0.9,1.0,0.02,0.9,21,0.0525,44,356,0.11,23,0.0575,False,False,0.034102314032345635
266,400,100,0.05,0.5,0.4,0.9,1.0,0.02,0.9,21,0.0525,31,369,0.0775,10,0.025,False,False,0.034102314032345635
267,400,100,0.05,0.5,0.4,0.9,1.0,0.02,0.9,15,0.0375,16,384,0.04,1,0.0025000000000000022,False,False,0.034102314032345635
268,400,100,0.05,0.5,0.4,0.9,1.0,0.02,0.9,19,0.0475,27,373,0.0675,8,0.020000000000000004,False,False,0.034102314032345635
269,400,100,0.05,0.5,0.4,0.9,1.0,0.02,0.9,22,0.055,32,368,0.08,10,0.025,False,False,0.034102314032345635
270,400,100,0.05,0.5,0.4,0.9,1.0,0.02,0.9,13,0.0325,21,379,0.0525,8,0.019999999999999997,False,False,0.034102314032345635
271,400,100,0.05,0.5,0.4,0.9,1.0,0.02,0.9,18,0.045,27,373,0.0675,9,0.022500000000000006,False,False,0.034102314032345635
272,400,100,0.05,0.5,0.4,0.9,1.0,0.02,0.9,13,0.0325,18,382,0.045,5,0.012499999999999997,False,False,0.034102314032345635
273,400,100,0.05,0.5,0.4,0.9,1.0,0.02,0.9,19,0.0475,28,372,0.07,9,0.022500000000000006,False,False,0.034102314032345635
274,400,100,0.05,0.5,0.4,0.9,1.0,0.02,0.9,25,0.0625,30,370,0.075,5,0.012499999999999997,False,False,0.034102314032345635
275,400,100,0.05,0.5,0.4,0.9,1.0,0.02,0.9,20,0.05,36,364,0.09,16,0.039999999999999994,False,False,0.034102314032345635
276,400,100,0.05,0.5,0.4,0.9,1.0,0.02,0.9,19,0.0475,22,378,0.055,3,0.0075,False,False,0.034102314032345635
277,400,100,0.05,0.5,0.4,0.9,1.0,0.02,0.9,23,0.0575,30,370,0.075,7,0.017499999999999995,False,False,0.034102314032345635
278,400,100,0.05,0.5,0.4,0.9,1.0,0.02,0.9,21,0.0525,30,370,0.075,9,0.0225,False,False,0.034102314032345635
279,400,100,0.05,0.5,0.4,0.9,1.0,0.02,0.9,23,0.0575,34,366,0.085,11,0.027500000000000004,False,False,0.034102314032345635
280,400,100,0.05,0.5,0.4,0.9,1.0,0.02,0.9,15,0.0375,22,378,0.055,7,0.0175,False,False,0.034102314032345635
281,400,100,0.05,0.5,0.4,0.9,1.0,0.02,0.9,27,0.0675,38,362,0.095,11,0.027499999999999997,False,False,0.034102314032345635
282,400,100,0.05,0.5,0.4,0.9,1.0,0.02,0.9,20,0.05,27,373,0.0675,7,0.0175,False,False,0.034102314032345635
283,400,100,0.05,0.5,0.4,0.9,1.0,0.02,0.9,19,0.0475,35,365,0.0875,16,0.039999999999999994,False,False,0.034102314032345635
284,400,100,0.05,0.5,0.4,0.9,1.0,0.02,0.9,15,0.0375,15,385,0.0375,0,0.0,False,True,0.034102314032345635
285,400,100,0.05,0.5,0.4,0.9,1.0,0.02,0.9,28,0.07,44,356,0.11,16,0.039999999999999994,False,False,0.034102314032345635
286,400,100,0.05,0.5,0.4,0.9,1.0,0.02,0.9,20,0.05,29,371,0.0725,9,0.022499999999999992,False,False,0.034102314032345635
287,400,100,0.05,0.5,0.4,0.9,1.0,0.02,0.9,24,0.06,38,362,0.095,14,0.035,False,False,0.034102314032345635
288,400,100,0.05,0.5,0.4,0.9,1.0,0.02,0.9,24,0.06,35,365,0.0875,11,0.027499999999999997,False,False,0.034102314032345635
289,400,100,0.05,0.5,0.4,0.9,1.0,0.02,0.9,15,0.0375,21,379,0.0525,6,0.015,False,False,0.034102314032345635
290,400,100,0.05,0.5,0.4,0.9,1.0,0.02,0.9,14,0.035,16,384,0.04,2,0.0049999999999999975,False,False,0.034102314032345635
291,400,100,0.05,0.5,0.4,0.9,1.0,0.02,0.9,29,0.0725,47,353,0.1175,18,0.045,False,False,0.034102314032345635
292,400,100,0.05,0.5,0.4,0.9,1.0,0.02,0.9,21,0.0525,30,370,0.075,9,0.0225,False,False,0.034102314032345635
293,400,100,0.05,0.5,0.4,0.9,1.0,0.02,0.9,21,0.0525,23,377,0.0575,2,0.0050000000000000044,False,False,0.034102314032345635
294,400,100,0.05,0.5,0.4,0.9,1.0,0.02,0.9,19,0.0475,29,371,0.0725,10,0.024999999999999994,False,False,0.034102314032345635
295,400,100,0.05,0.5,0.4,0.9,1.0,0.02,0.9,23,0.0575,29,371,0.0725,6,0.014999999999999993,False,False,0.034102314032345635
296,400,100,0.05,0.5,0.4,0.9,1.0,0.02,0.9,27,0.0675,36,364,0.09,9,0.022499999999999992,False,False,0.034102314032345635
297,400,100,0.05,0.5,0.4,0.9,1.0,0.02,0.9,22,0.055,26,374,0.065,4,0.010000000000000002,False,False,0.034102314032345635
298,400,100,0.05,0.5,0.4,0.9,1.0,0.02,0.9,17,0.0425,24,376,0.06,7,0.017499999999999995,False,False,0.034102314032345635
299,400,100,0.05,0.5,0.4,0.9,1.0,0.02,0.9,16,0.04,26,374,0.065,10,0.025,False,False,0.034102314032345635
300,400,100,0.05,0.5,0.4,0.9,1.0,0.02,0.9,23,0.0575,38,362,0.095,15,0.0375,False,False,0.034102314032345635
301,400,100,0.05,0.5,0.4,0.9,1.0,0.02,0.9,19,0.0475,29,371,0.0725,10,0.024999999999999994,False,False,0.034102314032345635
302,400,100,0.05,0.5,0.4,0.9,1.0,0.02,0.9,24,0.06,37,363,0.0925,13,0.0325,False,False,0.034102314032345635
303,400,100,0.05,0.5,0.4,0.9,1.0,0.02,0.9,18,0.045,18,382,0.045,0,0.0,False,True,0.034102314032345635
304,400,100,0.05,0.5,0.4,0.9,1.0,0.02,0.9,31,0.0775,52,348,0.13,21,0.052500000000000005,False,False,0.034102314032345635
305,400,100,0.05,0.5,0.4,0.9,1.0,0.02,0.9,18,0.045,30,370,0.075,12,0.03,False,False,0.034102314032345635
306,400,100,0.05,0.5,0.4,0.9,1.0,0.02,0.9,15,0.0375,20,380,0.05,5,0.012500000000000004,False,False,0.034102314032345635
307,400,100,0.05,0.5,0.4,0.9,1.0,0.02,0.9,24,0.06,27,373,0.0675,3,0.007500000000000007,False,False,0.034102314032345635
308,400,100,0.05,0.5,0.4,0.9,1.0,0.02,0.9,24,0.06,36,364,0.09,12,0.03,False,False,0.034102314032345635
309,400,100,0.05,0.5,0.4,0.9,1.0,0.02,0.9,19,0.0475,30,370,0.075,11,0.027499999999999997,False,False,0.034102314032345635
310,400,100,0.05,0.5,0.4,0.9,1.0,0.02,0.9,19,0.0475,26,374,0.065,7,0.0175,False,False,0.034102314032345635
311,400,100,0.05,0.5,0.4,0.9,1.0,0.02,0.9,13,0.0325,22,378,0.055,9,0.0225,False,False,0.034102314032345635
312,400,100,0.05,0.5,0.4,0.9,1.0,0.02,0.9,25,0.0625,39,361,0.0975,14,0.035,False,False,0.034102314032345635
313,400,100,0.05,0.5,0.4,0.9,1.0,0.02,0.9,21,0.0525,39,361,0.0975,18,0.045000000000000005,False,False,0.034102314032345635
314,400,100,0.05,0.5,0.4,0.9,1.0,0.02,0.9,19,0.0475,26,374,0.065,7,0.0175,False,False,0.034102314032345635
315,400,100,0.05,0.5,0.4,0.9,1.0,0.02,0.9,21,0.0525,29,371,0.0725,8,0.019999999999999997,False,False,0.034102314032345635
316,400,100,0.05,0.5,0.4,0.9,1.0,0.02,0.9,10,0.025,18,382,0.045,8,0.019999999999999997,False,False,0.034102314032345635
317,400,100,0.05,0.5,0.4,0.9,1.0,0.02,0.9,17,0.0425,26,374,0.065,9,0.0225,False,False,0.034102314032345635
318,400,100,0.05,0.5,0.4,0.9,1.0,0.02,0.9,21,0.0525,28,372,0.07,7,0.01750000000000001,False,False,0.034102314032345635
319,400,100,0.05,0.5,0.4,0.9,1.0,0.02,0.9,25,0.0625,36,364,0.09,11,0.027499999999999997,False,False,0.034102314032345635
320,400,100,0.05,0.5,0.4,0.9,1.0,0.02,0.9,20,0.05,28,372,0.07,8,0.020000000000000004,False,False,0.034102314032345635
321,400,100,0.05,0.5,0.4,0.9,1.0,0.02,0.9,17,0.0425,26,374,0.065,9,0.0225,False,False,0.034102314032345635
322,400,100,0.05,0.5,0.4,0.9,1.0,0.02,0.9,15,0.0375,20,380,0.05,5,0.012500000000000004,False,False,0.034102314032345635
323,400,100,0.05,0.5,0.4,0.9,1.0,0.02,0.9,16,0.04,23,377,0.0575,7,0.0175,False,False,0.034102314032345635
324,400,100,0.05,0.5,0.4,0.9,1.0,0.02,0.9,25,0.0625,36,364,0.09,11,0.027499999999999997,False,False,0.034102314032345635
325,400,100,0.05,0.5,0.4,0.9,1.0,0.02,0.9,14,0.035,19,381,0.0475,5,0.012499999999999997,False,False,0.034102314032345635
326,400,100,0.05,0.5,0.4,0.9,1.0,0.02,0.9,14,0.035,18,382,0.045,4,0.009999999999999995,False,False,0.034102314032345635
327,400,100,0.05,0.5,0.4,0.9,1.0,0.02,0.9,21,0.0525,29,371,0.0725,8,0.019999999999999997,False,False,0.034102314032345635
328,400,100,0.05,0.5,0.4,0.9,1.0,0.02,0.9,19,0.0475,36,364,0.09,17,0.042499999999999996,False,False,0.034102314032345635
329,400,100,0.05,0.5,0.4,0.9,1.0,0.02,0.9,22,0.055,28,372,0.07,6,0.015000000000000006,False,False,0.034102314032345635
330,400,100,0.05,0.5,0.4,0.9,1.0,0.02,0.9,19,0.0475,30,370,0.075,11,0.027499999999999997,False,False,0.034102314032345635
331,400,100,0.05,0.5,0.4,0.9,1.0,0.02,0.9,23,0.0575,30,370,0.075,7,0.017499999999999995,False,False,0.034102314032345635
332,400,100,0.05,0.5,0.4,0.9,1.0,0.02,0.9,12,0.03,21,379,0.0525,9,0.0225,False,False,0.034102314032345635
333,400,100,0.05,0.5,0.4,0.9,1.0,0.02,0.9,18,0.045,36,364,0.09,18,0.045,False,False,0.034102314032345635
334,400,100,0.05,0.5,0.4,0.9,1.0,0.02,0.9,15,0.0375,23,377,0.0575,8,0.020000000000000004,False,False,0.034102314032345635
335,400,100,0.05,0.5,0.4,0.9,1.0,0.02,0.9,17,0.0425,21,379,0.0525,4,0.009999999999999995,False,False,0.034102314032345635
336,400,100,0.05,0.5,0.4,0.9,1.0,0.02,0.9,18,0.045,22,378,0.055,4,0.010000000000000002,False,False,0.034102314032345635
337,400,100,0.05,0.5,0.4,0.9,1.0,0.02,0.9,30,0.075,46,354,0.115,16,0.04000000000000001,False,False,0.034102314032345635
338,400,100,0.05,0.5,0.4,0.9,1.0,0.02,0.9,25,0.0625,35,365,0.0875,10,0.024999999999999994,False,False,0.034102314032345635
339,400,100,0.05,0.5,0.4,0.9,1.0,0.02,0.9,13,0.0325,23,377,0.0575,10,0.025,False,False,0.034102314032345635
340,400,100,0.05,0.5,0.4,0.9,1.0,0.02,0.9,13,0.0325,20,380,0.05,7,0.0175,False,False,0.034102314032345635
341,400,100,0.05,0.5,0.4,0.9,1.0,0.02,0.9,17,0.0425,21,379,0.0525,4,0.009999999999999995,False,False,0.034102314032345635
342,400,100,0.05,0.5,0.4,0.9,1.0,0.02,0.9,23,0.0575,32,368,0.08,9,0.0225,False,False,0.034102314032345635
343,400,100,0.05,0.5,0.4,0.9,1.0,0.02,0.9,23,0.0575,40,360,0.1,17,0.0425,False,False,0.034102314032345635
344,400,100,0.05,0.5,0.4,0.9,1.0,0.02,0.9,14,0.035,17,383,0.0425,3,0.0075,False,False,0.034102314032345635
345,400,100,0.05,0.5,0.4,0.9,1.0,0.02,0.9,19,0.0475,34,366,0.085,15,0.037500000000000006,False,False,0.034102314032345635
346,400,100,0.05,0.5,0.4,0.9,1.0,0.02,0.9,21,0.0525,37,363,0.0925,16,0.04,False,False,0.034102314032345635
347,400,100,0.05,0.5,0.4,0.9,1.0,0.02,0.9,22,0.055,29,371,0.0725,7,0.017499999999999995,False,False,0.034102314032345635
348,400,100,0.05,0.5,0.4,0.9,1.0,0.02,0.9,19,0.0475,30,370,0.075,11,0.027499999999999997,False,False,0.034102314032345635
349,400,100,0.05,0.5,0.4,0.9,1.0,0.02,0.9,26,0.065,47,353,0.1175,21,0.05249999999999999,False,False,0.034102314032345635
350,400,100,0.05,0.5,0.4,0.9,1.0,0.02,0.9,23,0.0575,36,364,0.09,13,0.032499999999999994,False,False,0.034102314032345635
351,400,100,0.05,0.5,0.4,0.9,1.0,0.02,0.9,22,0.055,27,373,0.0675,5,0.012500000000000004,False,False,0.034102314032345635
352,400,100,0.05,0.5,0.4,0.9,1.0,0.02,0.9,14,0.035,17,383,0.0425,3,0.0075,False,False,0.034102314032345635
353,400,100,0.05,0.5,0.4,0.9,1.0,0.02,0.9,22,0.055,32,368,0.08,10,0.025,False,False,0.034102314032345635
354,400,100,0.05,0.5,0.4,0.9,1.0,0.02,0.9,25,0.0625,36,364,0.09,11,0.027499999999999997,False,False,0.034102314032345635
355,400,100,0.05,0.5,0.4,0.9,1.0,0.02,0.9,19,0.0475,32,368,0.08,13,0.0325,False,False,0.034102314032345635
356,400,100,0.05,0.5,0.4,0.9,1.0,0.02,0.9,17,0.0425,23,377,0.0575,6,0.015,False,False,0.034102314032345635
357,400,100,0.05,0.5,0.4,0.9,1.0,0.02,0.9,25,0.0625,39,361,0.0975,14,0.035,False,False,0.034102314032345635
358,400,100,0.05,0.5,0.4,0.9,1.0,0.02,0.9,18,0.045,25,375,0.0625,7,0.0175,False,False,0.034102314032345635
359,400,100,0.05,0.5,0.4,0.9,1.0,0.02,0.9,26,0.065,49,351,0.1225,23,0.057499999999999996,False,False,0.034102314032345635
360,400,100,0.05,0.5,0.4,0.9,1.0,0.02,0.9,13,0.0325,15,385,0.0375,2,0.0049999999999999975,False,False,0.034102314032345635
361,400,100,0.05,0.5,0.4,0.9,1.0,0.02,0.9,18,0.045,29,371,0.0725,11,0.027499999999999997,False,False,0.034102314032345635
362,400,100,0.05,0.5,0.4,0.9,1.0,0.02,0.9,18,0.045,25,375,0.0625,7,0.0175,False,False,0.034102314032345635
363,400,100,0.05,0.5,0.4,0.9,1.0,0.02,0.9,15,0.0375,20,380,0.05,5,0.012500000000000004,False,False,0.034102314032345635
364,400,100,0.05,0.5,0.4,0.9,1.0,0.02,0.9,24,0.06,40,360,0.1,16,0.04000000000000001,False,False,0.034102314032345635
365,400,100,0.05,0.5,0.4,0.9,1.0,0.02,0.9,24,0.06,32,368,0.08,8,0.020000000000000004,False,False,0.034102314032345635
366,400,100,0.05,0.5,0.4,0.9,1.0,0.02,0.9,12,0.03,14,386,0.035,2,0.0050000000000000044,False,False,0.034102314032345635
367,400,100,0.05,0.5,0.4,0.9,1.0,0.02,0.9,22,0.055,32,368,0.08,10,0.025,False,False,0.034102314032345635
368,400,100,0.05,0.5,0.4,0.9,1.0,0.02,0.9,21,0.0525,28,372,0.07,7,0.01750000000000001,False,False,0.034102314032345635
369,400,100,0.05,0.5,0.4,0.9,1.0,0.02,0.9,21,0.0525,30,370,0.075,9,0.0225,False,False,0.034102314032345635
370,400,100,0.05,0.5,0.4,0.9,1.0,0.02,0.9,22,0.055,34,366,0.085,12,0.030000000000000006,False,False,0.034102314032345635
371,400,100,0.05,0.5,0.4,0.9,1.0,0.02,0.9,19,0.0475,25,375,0.0625,6,0.015,False,False,0.034102314032345635
372,400,100,0.05,0.5,0.4,0.9,1.0,0.02,0.9,18,0.045,25,375,0.0625,7,0.0175,False,False,0.034102314032345635
373,400,100,0.05,0.5,0.4,0.9,1.0,0.02,0.9,23,0.0575,33,367,0.0825,10,0.025,False,False,0.034102314032345635
374,400,100,0.05,0.5,0.4,0.9,1.0,0.02,0.9,19,0.0475,23,377,0.0575,4,0.010000000000000002,False,False,0.034102314032345635
375,400,100,0.05,0.5,0.4,0.9,1.0,0.02,0.9,16,0.04,25,375,0.0625,9,0.0225,False,False,0.034102314032345635
376,400,100,0.05,0.5,0.4,0.9,1.0,0.02,0.9,18,0.045,24,376,0.06,6,0.015,False,False,0.034102314032345635
377,400,100,0.05,0.5,0.4,0.9,1.0,0.02,0.9,20,0.05,27,373,0.0675,7,0.0175,False,False,0.034102314032345635
378,400,100,0.05,0.5,0.4,0.9,1.0,0.02,0.9,11,0.0275,19,381,0.0475,8,0.02,False,False,0.034102314032345635
379,400,100,0.05,0.5,0.4,0.9,1.0,0.02,0.9,27,0.0675,46,354,0.115,19,0.0475,False,False,0.034102314032345635
380,400,100,0.05,0.5,0.4,0.9,1.0,0.02,0.9,24,0.06,34,366,0.085,10,0.02500000000000001,False,False,0.034102314032345635
381,400,100,0.05,0.5,0.4,0.9,1.0,0.02,0.9,20,0.05,29,371,0.0725,9,0.022499999999999992,False,False,0.034102314032345635
382,400,100,0.05,0.5,0.4,0.9,1.0,0.02,0.9,21,0.0525,29,371,0.0725,8,0.019999999999999997,False,False,0.034102314032345635
383,400,100,0.05,0.5,0.4,0.9,1.0,0.02,0.9,21,0.0525,33,367,0.0825,12,0.030000000000000006,False,False,0.034102314032345635
384,400,100,0.05,0.5,0.4,0.9,1.0,0.02,0.9,18,0.045,32,368,0.08,14,0.035,False,False,0.034102314032345635
385,400,100,0.05,0.5,0.4,0.9,1.0,0.02,0.9,21,0.0525,40,360,0.1,19,0.04750000000000001,False,False,0.034102314032345635
386,400,100,0.05,0.5,0.4,0.9,1.0,0.02,0.9,17,0.0425,20,380,0.05,3,0.0075,False,False,0.034102314032345635
387,400,100,0.05,0.5,0.4,0.9,1.0,0.02,0.9,19,0.0475,27,373,0.0675,8,0.020000000000000004,False,False,0.034102314032345635
388,400,100,0.05,0.5,0.4,0.9,1.0,0.02,0.9,17,0.0425,27,373,0.0675,10,0.025,False,False,0.034102314032345635
389,400,100,0.05,0.5,0.4,0.9,1.0,0.02,0.9,27,0.0675,47,353,0.1175,20,0.04999999999999999,False,False,0.034102314032345635
390,400,100,0.05,0.5,0.4,0.9,1.0,0.02,0.9,23,0.0575,31,369,0.0775,8,0.019999999999999997,False,False,0.034102314032345635
391,400,100,0.05,0.5,0.4,0.9,1.0,0.02,0.9,25,0.0625,36,364,0.09,11,0.027499999999999997,False,False,0.034102314032345635
392,400,100,0.05,0.5,0.4,0.9,1.0,0.02,0.9,16,0.04,19,381,0.0475,3,0.0075,False,False,0.034102314032345635
393,400,100,0.05,0.5,0.4,0.9,1.0,0.02,0.9,28,0.07,33,367,0.0825,5,0.012499999999999997,False,False,0.034102314032345635
394,400,100,0.05,0.5,0.4,0.9,1.0,0.02,0.9,28,0.07,40,360,0.1,12,0.03,False,False,0.034102314032345635
395,400,100,0.05,0.5,0.4,0.9,1.0,0.02,0.9,16,0.04,18,382,0.045,2,0.0049999999999999975,False,False,0.034102314032345635
396,400,100,0.05,0.5,0.4,0.9,1.0,0.02,0.9,20,0.05,30,370,0.075,10,0.024999999999999994,False,False,0.034102314032345635
397,400,100,0.05,0.5,0.4,0.9,1.0,0.02,0.9,24,0.06,31,369,0.0775,7,0.0175,False,False,0.034102314032345635
398,400,100,0.05,0.5,0.4,0.9,1.0,0.02,0.9,21,0.0525,29,371,0.0725,8,0.019999999999999997,False,False,0.034102314032345635
399,400,100,0.05,0.5,0.4,0.9,1.0,0.02,0.9,10,0.025,16,384,0.04,6,0.015,False,False,0.034102314032345635
400,400,100,0.05,0.5,0.4,0.9,1.0,0.02,0.9,28,0.07,38,362,0.095,10,0.024999999999999994,False,False,0.034102314032345635
401,400,100,0.05,0.5,0.4,0.9,1.0,0.02,0.9,22,0.055,35,365,0.0875,13,0.032499999999999994,False,False,0.034102314032345635
402,400,100,0.05,0.5,0.4,0.9,1.0,0.02,0.9,21,0.0525,26,374,0.065,5,0.012500000000000004,False,False,0.034102314032345635
403,400,100,0.05,0.5,0.4,0.9,1.0,0.02,0.9,15,0.0375,19,381,0.0475,4,0.010000000000000002,False,False,0.034102314032345635
404,400,100,0.05,0.5,0.4,0.9,1.0,0.02,0.9,21,0.0525,25,375,0.0625,4,0.010000000000000002,False,False,0.034102314032345635
405,400,100,0.05,0.5,0.4,0.9,1.0,0.02,0.9,11,0.0275,18,382,0.045,7,0.017499999999999998,False,False,0.034102314032345635
406,400,100,0.05,0.5,0.4,0.9,1.0,0.02,0.9,23,0.0575,35,365,0.0875,12,0.029999999999999992,False,False,0.034102314032345635
407,400,100,0.05,0.5,0.4,0.9,1.0,0.02,0.9,13,0.0325,18,382,0.045,5,0.012499999999999997,False,False,0.034102314032345635
408,400,100,0.05,0.5,0.4,0.9,1.0,0.02,0.9,16,0.04,22,378,0.055,6,0.015,False,False,0.034102314032345635
409,400,100,0.05,0.5,0.4,0.9,1.0,0.02,0.9,14,0.035,20,380,0.05,6,0.015,False,False,0.034102314032345635
410,400,100,0.05,0.5,0.4,0.9,1.0,0.02,0.9,20,0.05,27,373,0.0675,7,0.0175,False,False,0.034102314032345635
411,400,100,0.05,0.5,0.4,0.9,1.0,0.02,0.9,20,0.05,36,364,0.09,16,0.039999999999999994,False,False,0.034102314032345635
412,400,100,0.05,0.5,0.4,0.9,1.0,0.02,0.9,24,0.06,31,369,0.0775,7,0.0175,False,False,0.034102314032345635
413,400,100,0.05,0.5,0.4,0.9,1.0,0.02,0.9,16,0.04,25,375,0.0625,9,0.0225,False,False,0.034102314032345635
414,400,100,0.05,0.5,0.4,0.9,1.0,0.02,0.9,20,0.05,26,374,0.065,6,0.015,False,False,0.034102314032345635
415,400,100,0.05,0.5,0.4,0.9,1.0,0.02,0.9,16,0.04,19,381,0.0475,3,0.0075,False,False,0.034102314032345635
416,400,100,0.05,0.5,0.4,0.9,1.0,0.02,0.9,20,0.05,37,363,0.0925,17,0.042499999999999996,False,False,0.034102314032345635
417,400,100,0.05,0.5,0.4,0.9,1.0,0.02,0.9,13,0.0325,17,383,0.0425,4,0.010000000000000002,False,False,0.034102314032345635
418,400,100,0.05,0.5,0.4,0.9,1.0,0.02,0.9,21,0.0525,25,375,0.0625,4,0.010000000000000002,False,False,0.034102314032345635
419,400,100,0.05,0.5,0.4,0.9,1.0,0.02,0.9,23,0.0575,35,365,0.0875,12,0.029999999999999992,False,False,0.034102314032345635
420,400,100,0.05,0.5,0.4,0.9,1.0,0.02,0.9,27,0.0675,45,355,0.1125,18,0.045,False,False,0.034102314032345635
421,400,100,0.05,0.5,0.4,0.9,1.0,0.02,0.9,12,0.03,15,385,0.0375,3,0.0075,False,False,0.034102314032345635
422,400,100,0.05,0.5,0.4,0.9,1.0,0.02,0.9,12,0.03,18,382,0.045,6,0.015,False,False,0.034102314032345635
423,400,100,0.05,0.5,0.4,0.9,1.0,0.02,0.9,22,0.055,31,369,0.0775,9,0.0225,False,False,0.034102314032345635
424,400,100,0.05,0.5,0.4,0.9,1.0,0.02,0.9,18,0.045,21,379,0.0525,3,0.0075,False,False,0.034102314032345635
425,400,100,0.05,0.5,0.4,0.9,1.0,0.02,0.9,22,0.055,35,365,0.0875,13,0.032499999999999994,False,False,0.034102314032345635
426,400,100,0.05,0.5,0.4,0.9,1.0,0.02,0.9,20,0.05,32,368,0.08,12,0.03,False,False,0.034102314032345635
427,400,100,0.05,0.5,0.4,0.9,1.0,0.02,0.9,16,0.04,25,375,0.0625,9,0.0225,False,False,0.034102314032345635
428,400,100,0.05,0.5,0.4,0.9,1.0,0.02,0.9,22,0.055,26,374,0.065,4,0.010000000000000002,False,False,0.034102314032345635
429,400,100,0.05,0.5,0.4,0.9,1.0,0.02,0.9,26,0.065,36,364,0.09,10,0.024999999999999994,False,False,0.034102314032345635
430,400,100,0.05,0.5,0.4,0.9,1.0,0.02,0.9,18,0.045,27,373,0.0675,9,0.022500000000000006,False,False,0.034102314032345635
431,400,100,0.05,0.5,0.4,0.9,1.0,0.02,0.9,23,0.0575,32,368,0.08,9,0.0225,False,False,0.034102314032345635
432,400,100,0.05,0.5,0.4,0.9,1.0,0.02,0.9,23,0.0575,32,368,0.08,9,0.0225,False,False,0.034102314032345635
433,400,100,0.05,0.5,0.4,0.9,1.0,0.02,0.9,20,0.05,27,373,0.0675,7,0.0175,False,False,0.034102314032345635
434,400,100,0.05,0.5,0.4,0.9,1.0,0.02,0.9,21,0.0525,35,365,0.0875,14,0.034999999999999996,False,False,0.034102314032345635
435,400,100,0.05,0.5,0.4,0.9,1.0,0.02,0.9,16,0.04,21,379,0.0525,5,0.012499999999999997,False,False,0.034102314032345635
436,400,100,0.05,0.5,0.4,0.9,1.0,0.02,0.9,18,0.045,28,372,0.07,10,0.02500000000000001,False,False,0.034102314032345635
437,400,100,0.05,0.5,0.4,0.9,1.0,0.02,0.9,13,0.0325,20,380,0.05,7,0.0175,False,False,0.034102314032345635
438,400,100,0.05,0.5,0.4,0.9,1.0,0.02,0.9,23,0.0575,38,362,0.095,15,0.0375,False,False,0.034102314032345635
439,400,100,0.05,0.5,0.4,0.9,1.0,0.02,0.9,19,0.0475,27,373,0.0675,8,0.020000000000000004,False,False,0.034102314032345635
440,400,100,0.05,0.5,0.4,0.9,1.0,0.02,0.9,24,0.06,34,366,0.085,10,0.02500000000000001,False,False,0.034102314032345635
441,400,100,0.05,0.5,0.4,0.9,1.0,0.02,0.9,22,0.055,31,369,0.0775,9,0.0225,False,False,0.034102314032345635
442,400,100,0.05,0.5,0.4,0.9,1.0,0.02,0.9,14,0.035,26,374,0.065,12,0.03,False,False,0.034102314032345635
443,400,100,0.05,0.5,0.4,0.9,1.0,0.02,0.9,17,0.0425,33,367,0.0825,16,0.04,False,False,0.034102314032345635
444,400,100,0.05,0.5,0.4,0.9,1.0,0.02,0.9,15,0.0375,23,377,0.0575,8,0.020000000000000004,False,False,0.034102314032345635
445,400,100,0.05,0.5,0.4,0.9,1.0,0.02,0.9,30,0.075,38,362,0.095,8,0.020000000000000004,False,False,0.034102314032345635
446,400,100,0.05,0.5,0.4,0.9,1.0,0.02,0.9,23,0.0575,34,366,0.085,11,0.027500000000000004,False,False,0.034102314032345635
447,400,100,0.05,0.5,0.4,0.9,1.0,0.02,0.9,21,0.0525,27,373,0.0675,6,0.015000000000000006,False,False,0.034102314032345635
448,400,100,0.05,0.5,0.4,0.9,1.0,0.02,0.9,16,0.04,19,381,0.0475,3,0.0075,False,False,0.034102314032345635
449,400,100,0.05,0.5,0.4,0.9,1.0,0.02,0.9,20,0.05,34,366,0.085,14,0.035,False,False,0.034102314032345635
450,400,100,0.05,0.5,0.4,0.9,1.0,0.02,0.9,16,0.04,20,380,0.05,4,0.010000000000000002,False,False,0.034102314032345635
451,400,100,0.05,0.5,0.4,0.9,1.0,0.02,0.9,24,0.06,42,358,0.105,18,0.045,False,False,0.034102314032345635
452,400,100,0.05,0.5,0.4,0.9,1.0,0.02,0.9,17,0.0425,25,375,0.0625,8,0.019999999999999997,False,False,0.034102314032345635
453,400,100,0.05,0.5,0.4,0.9,1.0,0.02,0.9,18,0.045,21,379,0.0525,3,0.0075,False,False,0.034102314032345635
454,400,100,0.05,0.5,0.4,0.9,1.0,0.02,0.9,19,0.0475,25,375,0.0625,6,0.015,False,False,0.034102314032345635
455,400,100,0.05,0.5,0.4,0.9,1.0,0.02,0.9,30,0.075,44,356,0.11,14,0.035,False,False,0.034102314032345635
456,400,100,0.05,0.5,0.4,0.9,1.0,0.02,0.9,19,0.0475,30,370,0.075,11,0.027499999999999997,False,False,0.034102314032345635
457,400,100,0.05,0.5,0.4,0.9,1.0,0.02,0.9,15,0.0375,27,373,0.0675,12,0.030000000000000006,False,False,0.034102314032345635
458,400,100,0.05,0.5,0.4,0.9,1.0,0.02,0.9,11,0.0275,15,385,0.0375,4,0.009999999999999998,False,False,0.034102314032345635
459,400,100,0.05,0.5,0.4,0.9,1.0,0.02,0.9,19,0.0475,24,376,0.06,5,0.012499999999999997,False,False,0.034102314032345635
460,400,100,0.05,0.5,0.4,0.9,1.0,0.02,0.9,23,0.0575,34,366,0.085,11,0.027500000000000004,False,False,0.034102314032345635
461,400,100,0.05,0.5,0.4,0.9,1.0,0.02,0.9,10,0.025,12,388,0.03,2,0.0049999999999999975,False,False,0.034102314032345635
462,400,100,0.05,0.5,0.4,0.9,1.0,0.02,0.9,27,0.0675,41,359,0.1025,14,0.03499999999999999,False,False,0.034102314032345635
463,400,100,0.05,0.5,0.4,0.9,1.0,0.02,0.9,17,0.0425,27,373,0.0675,10,0.025,False,False,0.034102314032345635
464,400,100,0.05,0.5,0.4,0.9,1.0,0.02,0.9,16,0.04,27,373,0.0675,11,0.027500000000000004,False,False,0.034102314032345635
465,400,100,0.05,0.5,0.4,0.9,1.0,0.02,0.9,22,0.055,31,369,0.0775,9,0.0225,False,False,0.034102314032345635
466,400,100,0.05,0.5,0.4,0.9,1.0,0.02,0.9,22,0.055,33,367,0.0825,11,0.027500000000000004,False,False,0.034102314032345635
467,400,100,0.05,0.5,0.4,0.9,1.0,0.02,0.9,21,0.0525,26,374,0.065,5,0.012500000000000004,False,False,0.034102314032345635
468,400,100,0.05,0.5,0.4,0.9,1.0,0.02,0.9,16,0.04,22,378,0.055,6,0.015,False,False,0.034102314032345635
469,400,100,0.05,0.5,0.4,0.9,1.0,0.02,0.9,17,0.0425,31,369,0.0775,14,0.034999999999999996,False,False,0.034102314032345635
470,400,100,0.05,0.5,0.4,0.9,1.0,0.02,0.9,24,0.06,42,358,0.105,18,0.045,False,False,0.034102314032345635
471,400,100,0.05,0.5,0.4,0.9,1.0,0.02,0.9,17,0.0425,29,371,0.0725,12,0.029999999999999992,False,False,0.034102314032345635
472,400,100,0.05,0.5,0.4,0.9,1.0,0.02,0.9,23,0.0575,28,372,0.07,5,0.012500000000000004,False,False,0.034102314032345635
473,400,100,0.05,0.5,0.4,0.9,1.0,0.02,0.9,13,0.0325,18,382,0.045,5,0.012499999999999997,False,False,0.034102314032345635
474,400,100,0.05,0.5,0.4,0.9,1.0,0.02,0.9,22,0.055,35,365,0.0875,13,0.032499999999999994,False,False,0.034102314032345635
475,400,100,0.05,0.5,0.4,0.9,1.0,0.02,0.9,16,0.04,24,376,0.06,8,0.019999999999999997,False,False,0.034102314032345635
476,400,100,0.05,0.5,0.4,0.9,1.0,0.02,0.9,13,0.0325,17,383,0.0425,4,0.010000000000000002,False,False,0.034102314032345635
477,400,100,0.05,0.5,0.4,0.9,1.0,0.02,0.9,25,0.0625,43,357,0.1075,18,0.045,False,False,0.034102314032345635
478,400,100,0.05,0.5,0.4,0.9,1.0,0.02,0.9,22,0.055,33,367,0.0825,11,0.027500000000000004,False,False,0.034102314032345635
479,400,100,0.05,0.5,0.4,0.9,1.0,0.02,0.9,20,0.05,32,368,0.08,12,0.03,False,False,0.034102314032345635
480,400,100,0.05,0.5,0.4,0.9,1.0,0.02,0.9,11,0.0275,22,378,0.055,11,0.0275,False,False,0.034102314032345635
481,400,100,0.05,0.5,0.4,0.9,1.0,0.02,0.9,17,0.0425,25,375,0.0625,8,0.019999999999999997,False,False,0.034102314032345635
482,400,100,0.05,0.5,0.4,0.9,1.0,0.02,0.9,20,0.05,28,372,0.07,8,0.020000000000000004,False,False,0.034102314032345635
483,400,100,0.05,0.5,0.4,0.9,1.0,0.02,0.9,17,0.0425,26,374,0.065,9,0.0225,False,False,0.034102314032345635
484,400,100,0.05,0.5,0.4,0.9,1.0,0.02,0.9,21,0.0525,27,373,0.0675,6,0.015000000000000006,False,False,0.034102314032345635
485,400,100,0.05,0.5,0.4,0.9,1.0,0.02,0.9,19,0.0475,24,376,0.06,5,0.012499999999999997,False,False,0.034102314032345635
486,400,100,0.05,0.5,0.4,0.9,1.0,0.02,0.9,20,0.05,37,363,0.0925,17,0.042499999999999996,False,False,0.034102314032345635
487,400,100,0.05,0.5,0.4,0.9,1.0,0.02,0.9,28,0.07,40,360,0.1,12,0.03,False,False,0.034102314032345635
488,400,100,0.05,0.5,0.4,0.9,1.0,0.02,0.9,35,0.0875,60,340,0.15,25,0.0625,False,False,0.034102314032345635
489,400,100,0.05,0.5,0.4,0.9,1.0,0.02,0.9,23,0.0575,32,368,0.08,9,0.0225,False,False,0.034102314032345635
490,400,100,0.05,0.5,0.4,0.9,1.0,0.02,0.9,24,0.06,42,358,0.105,18,0.045,False,False,0.034102314032345635
491,400,100,0.05,0.5,0.4,0.9,1.0,0.02,0.9,23,0.0575,30,370,0.075,7,0.017499999999999995,False,False,0.034102314032345635
492,400,100,0.05,0.5,0.4,0.9,1.0,0.02,0.9,16,0.04,33,367,0.0825,17,0.0425,False,False,0.034102314032345635
493,400,100,0.05,0.5,0.4,0.9,1.0,0.02,0.9,16,0.04,28,372,0.07,12,0.030000000000000006,False,False,0.034102314032345635
494,400,100,0.05,0.5,0.4,0.9,1.0,0.02,0.9,22,0.055,29,371,0.0725,7,0.017499999999999995,False,False,0.034102314032345635
495,400,100,0.05,0.5,0.4,0.9,1.0,0.02,0.9,16,0.04,16,384,0.04,0,0.0,False,True,0.034102314032345635
496,400,100,0.05,0.5,0.4,0.9,1.0,0.02,0.9,15,0.0375,21,379,0.0525,6,0.015,False,False,0.034102314032345635
497,400,100,0.05,0.5,0.4,0.9,1.0,0.02,0.9,15,0.0375,19,381,0.0475,4,0.010000000000000002,False,False,0.034102314032345635
498,400,100,0.05,0.5,0.4,0.9,1.0,0.02,0.9,25,0.0625,38,362,0.095,13,0.0325,False,False,0.034102314032345635
499,400,100,0.05,0.5,0.4,0.9,1.0,0.02,0.9,23,0.0575,38,362,0.095,15,0.0375,False,False,0.034102314032345635
500,400,100,0.05,0.5,0.4,0.9,1.0,0.02,0.9,20,0.05,26,374,0.065,6,0.015,False,False,0.034102314032345635
501,400,100,0.05,0.5,0.4,0.9,1.0,0.02,0.9,11,0.0275,17,383,0.0425,6,0.015000000000000003,False,False,0.034102314032345635
502,400,100,0.05,0.5,0.4,0.9,1.0,0.02,0.9,30,0.075,40,360,0.1,10,0.02500000000000001,False,False,0.034102314032345635
503,400,100,0.05,0.5,0.4,0.9,1.0,0.02,0.9,12,0.03,17,383,0.0425,5,0.012500000000000004,False,False,0.034102314032345635
504,400,100,0.05,0.5,0.4,0.9,1.0,0.02,0.9,20,0.05,27,373,0.0675,7,0.0175,False,False,0.034102314032345635
505,400,100,0.05,0.5,0.4,0.9,1.0,0.02,0.9,24,0.06,38,362,0.095,14,0.035,False,False,0.034102314032345635
506,400,100,0.05,0.5,0.4,0.9,1.0,0.02,0.9,15,0.0375,21,379,0.0525,6,0.015,False,False,0.034102314032345635
507,400,100,0.05,0.5,0.4,0.9,1.0,0.02,0.9,24,0.06,33,367,0.0825,9,0.022500000000000006,False,False,0.034102314032345635
508,400,100,0.05,0.5,0.4,0.9,1.0,0.02,0.9,20,0.05,34,366,0.085,14,0.035,False,False,0.034102314032345635
509,400,100,0.05,0.5,0.4,0.9,1.0,0.02,0.9,24,0.06,47,353,0.1175,23,0.057499999999999996,False,False,0.034102314032345635
510,400,100,0.05,0.5,0.4,0.9,1.0,0.02,0.9,20,0.05,24,376,0.06,4,0.009999999999999995,False,False,0.034102314032345635
511,400,100,0.05,0.5,0.4,0.9,1.0,0.02,0.9,21,0.0525,26,374,0.065,5,0.012500000000000004,False,False,0.034102314032345635
512,400,100,0.05,0.5,0.4,0.9,1.0,0.02,0.9,15,0.0375,20,380,0.05,5,0.012500000000000004,False,False,0.034102314032345635
513,400,100,0.05,0.5,0.4,0.9,1.0,0.02,0.9,22,0.055,32,368,0.08,10,0.025,False,False,0.034102314032345635
514,400,100,0.05,0.5,0.4,0.9,1.0,0.02,0.9,23,0.0575,30,370,0.075,7,0.017499999999999995,False,False,0.034102314032345635
515,400,100,0.05,0.5,0.4,0.9,1.0,0.02,0.9,20,0.05,29,371,0.0725,9,0.022499999999999992,False,False,0.034102314032345635
516,400,100,0.05,0.5,0.4,0.9,1.0,0.02,0.9,21,0.0525,27,373,0.0675,6,0.015000000000000006,False,False,0.034102314032345635
517,400,100,0.05,0.5,0.4,0.9,1.0,0.02,0.9,17,0.0425,36,364,0.09,19,0.047499999999999994,False,False,0.034102314032345635
518,400,100,0.05,0.5,0.4,0.9,1.0,0.02,0.9,23,0.0575,38,362,0.095,15,0.0375,False,False,0.034102314032345635
519,400,100,0.05,0.5,0.4,0.9,1.0,0.02,0.9,20,0.05,28,372,0.07,8,0.020000000000000004,False,False,0.034102314032345635
520,400,100,0.05,0.5,0.4,0.9,1.0,0.02,0.9,14,0.035,20,380,0.05,6,0.015,False,False,0.034102314032345635
521,400,100,0.05,0.5,0.4,0.9,1.0,0.02,0.9,14,0.035,21,379,0.0525,7,0.017499999999999995,False,False,0.034102314032345635
522,400,100,0.05,0.5,0.4,0.9,1.0,0.02,0.9,19,0.0475,34,366,0.085,15,0.037500000000000006,False,False,0.034102314032345635
523,400,100,0.05,0.5,0.4,0.9,1.0,0.02,0.9,19,0.0475,27,373,0.0675,8,0.020000000000000004,False,False,0.034102314032345635
524,400,100,0.05,0.5,0.4,0.9,1.0,0.02,0.9,21,0.0525,30,370,0.075,9,0.0225,False,False,0.034102314032345635
525,400,100,0.05,0.5,0.4,0.9,1.0,0.02,0.9,20,0.05,39,361,0.0975,19,0.0475,False,False,0.034102314032345635
526,400,100,0.05,0.5,0.4,0.9,1.0,0.02,0.9,27,0.0675,34,366,0.085,7,0.0175,False,False,0.034102314032345635
527,400,100,0.05,0.5,0.4,0.9,1.0,0.02,0.9,20,0.05,23,377,0.0575,3,0.0075,False,False,0.034102314032345635
528,400,100,0.05,0.5,0.4,0.9,1.0,0.02,0.9,15,0.0375,23,377,0.0575,8,0.020000000000000004,False,False,0.034102314032345635
529,400,100,0.05,0.5,0.4,0.9,1.0,0.02,0.9,14,0.035,16,384,0.04,2,0.0049999999999999975,False,False,0.034102314032345635
530,400,100,0.05,0.5,0.4,0.9,1.0,0.02,0.9,21,0.0525,28,372,0.07,7,0.01750000000000001,False,False,0.034102314032345635
531,400,100,0.05,0.5,0.4,0.9,1.0,0.02,0.9,20,0.05,35,365,0.0875,15,0.03749999999999999,False,False,0.034102314032345635
532,400,100,0.05,0.5,0.4,0.9,1.0,0.02,0.9,17,0.0425,24,376,0.06,7,0.017499999999999995,False,False,0.034102314032345635
533,400,100,0.05,0.5,0.4,0.9,1.0,0.02,0.9,25,0.0625,35,365,0.0875,10,0.024999999999999994,False,False,0.034102314032345635
534,400,100,0.05,0.5,0.4,0.9,1.0,0.02,0.9,14,0.035,18,382,0.045,4,0.009999999999999995,False,False,0.034102314032345635
535,400,100,0.05,0.5,0.4,0.9,1.0,0.02,0.9,17,0.0425,29,371,0.0725,12,0.029999999999999992,False,False,0.034102314032345635
536,400,100,0.05,0.5,0.4,0.9,1.0,0.02,0.9,16,0.04,21,379,0.0525,5,0.012499999999999997,False,False,0.034102314032345635
537,400,100,0.05,0.5,0.4,0.9,1.0,0.02,0.9,23,0.0575,27,373,0.0675,4,0.010000000000000002,False,False,0.034102314032345635
538,400,100,0.05,0.5,0.4,0.9,1.0,0.02,0.9,19,0.0475,32,368,0.08,13,0.0325,False,False,0.034102314032345635
539,400,100,0.05,0.5,0.4,0.9,1.0,0.02,0.9,29,0.0725,34,366,0.085,5,0.012500000000000011,False,False,0.034102314032345635
540,400,100,0.05,0.5,0.4,0.9,1.0,0.02,0.9,23,0.0575,33,367,0.0825,10,0.025,False,False,0.034102314032345635
541,400,100,0.05,0.5,0.4,0.9,1.0,0.02,0.9,17,0.0425,25,375,0.0625,8,0.019999999999999997,False,False,0.034102314032345635
542,400,100,0.05,0.5,0.4,0.9,1.0,0.02,0.9,18,0.045,29,371,0.0725,11,0.027499999999999997,False,False,0.034102314032345635
543,400,100,0.05,0.5,0.4,0.9,1.0,0.02,0.9,21,0.0525,27,373,0.0675,6,0.015000000000000006,False,False,0.034102314032345635
544,400,100,0.05,0.5,0.4,0.9,1.0,0.02,0.9,16,0.04,26,374,0.065,10,0.025,False,False,0.034102314032345635
545,400,100,0.05,0.5,0.4,0.9,1.0,0.02,0.9,12,0.03,19,381,0.0475,7,0.0175,False,False,0.034102314032345635
546,400,100,0.05,0.5,0.4,0.9,1.0,0.02,0.9,21,0.0525,31,369,0.0775,10,0.025,False,False,0.034102314032345635
547,400,100,0.05,0.5,0.4,0.9,1.0,0.02,0.9,17,0.0425,29,371,0.0725,12,0.029999999999999992,False,False,0.034102314032345635
548,400,100,0.05,0.5,0.4,0.9,1.0,0.02,0.9,25,0.0625,43,357,0.1075,18,0.045,False,False,0.034102314032345635
549,400,100,0.05,0.5,0.4,0.9,1.0,0.02,0.9,19,0.0475,25,375,0.0625,6,0.015,False,False,0.034102314032345635
550,400,100,0.05,0.5,0.4,0.9,1.0,0.02,0.9,18,0.045,34,366,0.085,16,0.04000000000000001,False,False,0.034102314032345635
551,400,100,0.05,0.5,0.4,0.9,1.0,0.02,0.9,25,0.0625,35,365,0.0875,10,0.024999999999999994,False,False,0.034102314032345635
552,400,100,0.05,0.5,0.4,0.9,1.0,0.02,0.9,11,0.0275,20,380,0.05,9,0.022500000000000003,False,False,0.034102314032345635
553,400,100,0.05,0.5,0.4,0.9,1.0,0.02,0.9,13,0.0325,20,380,0.05,7,0.0175,False,False,0.034102314032345635
554,400,100,0.05,0.5,0.4,0.9,1.0,0.02,0.9,15,0.0375,20,380,0.05,5,0.012500000000000004,False,False,0.034102314032345635
555,400,100,0.05,0.5,0.4,0.9,1.0,0.02,0.9,26,0.065,33,367,0.0825,7,0.0175,False,False,0.034102314032345635
556,400,100,0.05,0.5,0.4,0.9,1.0,0.02,0.9,26,0.065,40,360,0.1,14,0.035,False,False,0.034102314032345635
557,400,100,0.05,0.5,0.4,0.9,1.0,0.02,0.9,19,0.0475,26,374,0.065,7,0.0175,False,False,0.034102314032345635
558,400,100,0.05,0.5,0.4,0.9,1.0,0.02,0.9,16,0.04,23,377,0.0575,7,0.0175,False,False,0.034102314032345635
559,400,100,0.05,0.5,0.4,0.9,1.0,0.02,0.9,20,0.05,33,367,0.0825,13,0.0325,False,False,0.034102314032345635
560,400,100,0.05,0.5,0.4,0.9,1.0,0.02,0.9,22,0.055,28,372,0.07,6,0.015000000000000006,False,False,0.034102314032345635
561,400,100,0.05,0.5,0.4,0.9,1.0,0.02,0.9,21,0.0525,31,369,0.0775,10,0.025,False,False,0.034102314032345635
562,400,100,0.05,0.5,0.4,0.9,1.0,0.02,0.9,26,0.065,33,367,0.0825,7,0.0175,False,False,0.034102314032345635
563,400,100,0.05,0.5,0.4,0.9,1.0,0.02,0.9,25,0.0625,31,369,0.0775,6,0.015,False,False,0.034102314032345635
564,400,100,0.05,0.5,0.4,0.9,1.0,0.02,0.9,19,0.0475,30,370,0.075,11,0.027499999999999997,False,False,0.034102314032345635
565,400,100,0.05,0.5,0.4,0.9,1.0,0.02,0.9,22,0.055,37,363,0.0925,15,0.0375,False,False,0.034102314032345635
566,400,100,0.05,0.5,0.4,0.9,1.0,0.02,0.9,19,0.0475,36,364,0.09,17,0.042499999999999996,False,False,0.034102314032345635
567,400,100,0.05,0.5,0.4,0.9,1.0,0.02,0.9,15,0.0375,25,375,0.0625,10,0.025,False,False,0.034102314032345635
568,400,100,0.05,0.5,0.4,0.9,1.0,0.02,0.9,19,0.0475,24,376,0.06,5,0.012499999999999997,False,False,0.034102314032345635
569,400,100,0.05,0.5,0.4,0.9,1.0,0.02,0.9,18,0.045,23,377,0.0575,5,0.012500000000000004,False,False,0.034102314032345635
570,400,100,0.05,0.5,0.4,0.9,1.0,0.02,0.9,28,0.07,42,358,0.105,14,0.03499999999999999,False,False,0.034102314032345635
571,400,100,0.05,0.5,0.4,0.9,1.0,0.02,0.9,23,0.0575,39,361,0.0975,16,0.04,False,False,0.034102314032345635
572,400,100,0.05,0.5,0.4,0.9,1.0,0.02,0.9,20,0.05,28,372,0.07,8,0.020000000000000004,False,False,0.034102314032345635
573,400,100,0.05,0.5,0.4,0.9,1.0,0.02,0.9,21,0.0525,29,371,0.0725,8,0.019999999999999997,False,False,0.034102314032345635
574,400,100,0.05,0.5,0.4,0.9,1.0,0.02,0.9,23,0.0575,39,361,0.0975,16,0.04,False,False,0.034102314032345635
575,400,100,0.05,0.5,0.4,0.9,1.0,0.02,0.9,23,0.0575,35,365,0.0875,12,0.029999999999999992,False,False,0.034102314032345635
576,400,100,0.05,0.5,0.4,0.9,1.0,0.02,0.9,14,0.035,26,374,0.065,12,0.03,False,False,0.034102314032345635
577,400,100,0.05,0.5,0.4,0.9,1.0,0.02,0.9,26,0.065,32,368,0.08,6,0.015,False,False,0.034102314032345635
578,400,100,0.05,0.5,0.4,0.9,1.0,0.02,0.9,31,0.0775,42,358,0.105,11,0.027499999999999997,False,False,0.034102314032345635
579,400,100,0.05,0.5,0.4,0.9,1.0,0.02,0.9,15,0.0375,23,377,0.0575,8,0.020000000000000004,False,False,0.034102314032345635
580,400,100,0.05,0.5,0.4,0.9,1.0,0.02,0.9,22,0.055,38,362,0.095,16,0.04,False,False,0.034102314032345635
581,400,100,0.05,0.5,0.4,0.9,1.0,0.02,0.9,17,0.0425,24,376,0.06,7,0.017499999999999995,False,False,0.034102314032345635
582,400,100,0.05,0.5,0.4,0.9,1.0,0.02,0.9,19,0.0475,25,375,0.0625,6,0.015,False,False,0.034102314032345635
583,400,100,0.05,0.5,0.4,0.9,1.0,0.02,0.9,18,0.045,27,373,0.0675,9,0.022500000000000006,False,False,0.034102314032345635
584,400,100,0.05,0.5,0.4,0.9,1.0,0.02,0.9,27,0.0675,34,366,0.085,7,0.0175,False,False,0.034102314032345635
585,400,100,0.05,0.5,0.4,0.9,1.0,0.02,0.9,21,0.0525,26,374,0.065,5,0.012500000000000004,False,False,0.034102314032345635
586,400,100,0.05,0.5,0.4,0.9,1.0,0.02,0.9,13,0.0325,18,382,0.045,5,0.012499999999999997,False,False,0.034102314032345635
587,400,100,0.05,0.5,0.4,0.9,1.0,0.02,0.9,24,0.06,38,362,0.095,14,0.035,False,False,0.034102314032345635
588,400,100,0.05,0.5,0.4,0.9,1.0,0.02,0.9,14,0.035,18,382,0.045,4,0.009999999999999995,False,False,0.034102314032345635
589,400,100,0.05,0.5,0.4,0.9,1.0,0.02,0.9,16,0.04,27,373,0.0675,11,0.027500000000000004,False,False,0.034102314032345635
590,400,100,0.05,0.5,0.4,0.9,1.0,0.02,0.9,24,0.06,38,362,0.095,14,0.035,False,False,0.034102314032345635
591,400,100,0.05,0.5,0.4,0.9,1.0,0.02,0.9,19,0.0475,30,370,0.075,11,0.027499999999999997,False,False,0.034102314032345635
592,400,100,0.05,0.5,0.4,0.9,1.0,0.02,0.9,20,0.05,30,370,0.075,10,0.024999999999999994,False,False,0.034102314032345635
593,400,100,0.05,0.5,0.4,0.9,1.0,0.02,0.9,16,0.04,18,382,0.045,2,0.0049999999999999975,False,False,0.034102314032345635
594,400,100,0.05,0.5,0.4,0.9,1.0,0.02,0.9,20,0.05,38,362,0.095,18,0.045,False,False,0.034102314032345635
595,400,100,0.05,0.5,0.4,0.9,1.0,0.02,0.9,23,0.0575,36,364,0.09,13,0.032499999999999994,False,False,0.034102314032345635
596,400,100,0.05,0.5,0.4,0.9,1.0,0.02,0.9,27,0.0675,29,371,0.0725,2,0.0049999999999999906,False,False,0.034102314032345635
597,400,100,0.05,0.5,0.4,0.9,1.0,0.02,0.9,21,0.0525,30,370,0.075,9,0.0225,False,False,0.034102314032345635
598,400,100,0.05,0.5,0.4,0.9,1.0,0.02,0.9,14,0.035,22,378,0.055,8,0.019999999999999997,False,False,0.034102314032345635
599,400,100,0.05,0.5,0.4,0.9,1.0,0.02,0.9,15,0.0375,22,378,0.055,7,0.0175,False,False,0.034102314032345635
