run_id,time_step,period,N,T,initial_corruption_rate_parameter,beta,gamma,alpha,memory_endowment,collaboration_cost,discount_factor,num_corrupted,num_honest,corruption_rate,collaboration_rate,belief_cutoff
0,0,1,400,100,0.05,0.5,0.4,0.9,1.0,0.02,0.9,18,382,0.045,0.0,0.02643592590823947
0,1,2,400,100,0.05,0.5,0.4,0.9,1.0,0.02,0.9,19,381,0.0475,0.37,0.026436004885828195
0,2,3,400,100,0.05,0.5,0.4,0.9,1.0,0.02,0.9,20,380,0.05,0.395,0.026436092639258005
0,3,4,400,100,0.05,0.5,0.4,0.9,1.0,0.02,0.9,21,379,0.0525,0.505,0.026436190143752203
0,4,5,400,100,0.05,0.5,0.4,0.9,1.0,0.02,0.9,22,378,0.055,0.51,0.026436298482922657
0,5,6,400,100,0.05,0.5,0.4,0.9,1.0,0.02,0.9,23,377,0.0575,0.58,0.026436418860820182
0,6,7,400,100,0.05,0.5,0.4,0.9,1.0,0.02,0.9,23,377,0.0575,0.58,0.026436552615325407
0,7,8,400,100,0.05,0.5,0.4,0.9,1.0,0.02,0.9,24,376,0.06,0.605,0.026436701233029745
0,8,9,400,100,0.05,0.5,0.4,0.9,1.0,0.02,0.9,24,376,0.06,0.615,0.026436866365772107
0,9,10,400,100,0.05,0.5,0.4,0.9,1.0,0.02,0.9,24,376,0.06,0.62,0.026437049849016486
0,10,11,400,100,0.05,0.5,0.4,0.9,1.0,0.02,0.9,24,376,0.06,0.63,0.026437253722275154
0,11,12,400,100,0.05,0.5,0.4,0.9,1.0,0.02,0.9,25,375,0.0625,0.635,0.02643748025180602
0,12,13,400,100,0.05,0.5,0.4,0.9,1.0,0.02,0.9,25,375,0.0625,0.635,0.026437731955837852
0,13,14,400,100,0.05,0.5,0.4,0.9,1.0,0.02,0.9,25,375,0.0625,0.65,0.026438011632605587
0,14,15,400,100,0.05,0.5,0.4,0.9,1.0,0.02,0.9,25,375,0.0625,0.655,0.026438322391509787
0,15,16,400,100,0.05,0.5,0.4,0.9,1.0,0.02,0.9,25,375,0.0625,0.655,0.02643866768774938
0,16,17,400,100,0.05,0.5,0.4,0.9,1.0,0.02,0.9,25,375,0.0625,0.655,0.026439051360816323
0,17,18,400,100,0.05,0.5,0.4,0.9,1.0,0.02,0.9,25,375,0.0625,0.675,0.02643947767728451
0,18,19,400,100,0.05,0.5,0.4,0.9,1.0,0.02,0.9,25,375,0.0625,0.685,0.02643995137837397
0,19,20,400,100,0.05,0.5,0.4,0.9,1.0,0.02,0.9,25,375,0.0625,0.685,0.026440477732826075
0,20,21,400,100,0.05,0.5,0.4,0.9,1.0,0.02,0.9,26,374,0.065,0.69,0.026441062595685745
0,21,22,400,100,0.05,0.5,0.4,0.9,1.0,0.02,0.9,26,374,0.065,0.685,0.026441712473654764
0,22,23,400,100,0.05,0.5,0.4,0.9,1.0,0.02,0.9,26,374,0.065,0.685,0.026442434597755405
0,23,24,400,100,0.05,0.5,0.4,0.9,1.0,0.02,0.9,26,374,0.065,0.69,0.026443237004128324
0,24,25,400,100,0.05,0.5,0.4,0.9,1.0,0.02,0.9,26,374,0.065,0.695,0.02644412862388257
0,25,26,400,100,0.05,0.5,0.4,0.9,1.0,0.02,0.9,26,374,0.065,0.695,0.026445119383021215
0,26,27,400,100,0.05,0.5,0.4,0.9,1.0,0.02,0.9,26,374,0.065,0.695,0.026446220313583613
0,27,28,400,100,0.05,0.5,0.4,0.9,1.0,0.02,0.9,26,374,0.065,0.695,0.026447443677277555
0,28,29,400,100,0.05,0.5,0.4,0.9,1.0,0.02,0.9,26,374,0.065,0.695,0.026448803103022025
0,29,30,400,100,0.05,0.5,0.4,0.9,1.0,0.02,0.9,26,374,0.065,0.695,0.026450313739987182
0,30,31,400,100,0.05,0.5,0.4,0.9,1.0,0.02,0.9,26,374,0.065,0.695,0.02645199242790394
0,31,32,400,100,0.05,0.5,0.4,0.9,1.0,0.02,0.9,26,374,0.065,0.695,0.02645385788662454
0,32,33,400,100,0.05,0.5,0.4,0.9,1.0,0.02,0.9,26,374,0.065,0.695,0.026455930927150234
0,33,34,400,100,0.05,0.5,0.4,0.9,1.0,0.02,0.9,26,374,0.065,0.695,0.026458234686606873
0,34,35,400,100,0.05,0.5,0.4,0.9,1.0,0.02,0.9,26,374,0.065,0.7,0.02646079488994719
0,35,36,400,100,0.05,0.5,0.4,0.9,1.0,0.02,0.9,26,374,0.065,0.7,0.026463640141495513
0,36,37,400,100,0.05,0.5,0.4,0.9,1.0,0.02,0.9,26,374,0.065,0.705,0.026466802249831164
0,37,38,400,100,0.05,0.5,0.4,0.9,1.0,0.02,0.9,26,374,0.065,0.705,0.026470316589938273
0,38,39,400,100,0.05,0.5,0.4,0.9,1.0,0.02,0.9,26,374,0.065,0.705,0.026474222507039114
0,39,40,400,100,0.05,0.5,0.4,0.9,1.0,0.02,0.9,26,374,0.065,0.705,0.026478563767084632
0,40,41,400,100,0.05,0.5,0.4,0.9,1.0,0.02,0.9,26,374,0.065,0.705,0.02648338905950983
0,41,42,400,100,0.05,0.5,0.4,0.9,1.0,0.02,0.9,26,374,0.065,0.705,0.026488752558586064
0,42,43,400,100,0.05,0.5,0.4,0.9,1.0,0.02,0.9,26,374,0.065,0.705,0.026494714550530745
0,43,44,400,100,0.05,0.5,0.4,0.9,1.0,0.02,0.9,26,374,0.065,0.705,0.02650134213448694
0,44,45,400,100,0.05,0.5,0.4,0.9,1.0,0.02,0.9,26,374,0.065,0.705,0.026508710006579315
0,45,46,400,100,0.05,0.5,0.4,0.9,1.0,0.02,0.9,26,374,0.065,0.705,0.026516901337516833
0,46,47,400,100,0.05,0.5,0.4,0.9,1.0,0.02,0.9,26,374,0.065,0.705,0.026526008755674672
0,47,48,400,100,0.05,0.5,0.4,0.9,1.0,0.02,0.9,26,374,0.065,0.705,0.026536135449285982
0,48,49,400,100,0.05,0.5,0.4,0.9,1.0,0.02,0.9,26,374,0.065,0.705,0.02654739640335273
0,49,50,400,100,0.05,0.5,0.4,0.9,1.0,0.02,0.9,26,374,0.065,0.705,0.02655991978919785
0,50,51,400,100,0.05,0.5,0.4,0.9,1.0,0.02,0.9,26,374,0.065,0.71,0.026573848527294993
0,51,52,400,100,0.05,0.5,0.4,0.9,1.0,0.02,0.9,26,374,0.065,0.71,0.026589342047208978
0,52,53,400,100,0.05,0.5,0.4,0.9,1.0,0.02,0.9,26,374,0.065,0.71,0.026606578272259363
0,53,54,400,100,0.05,0.5,0.4,0.9,1.0,0.02,0.9,26,374,0.065,0.71,0.026625755861006607
0,54,55,400,100,0.05,0.5,0.4,0.9,1.0,0.02,0.9,26,374,0.065,0.71,0.026647096743008546
0,55,56,400,100,0.05,0.5,0.4,0.9,1.0,0.02,0.9,26,374,0.065,0.71,0.026670848992698074
0,56,57,400,100,0.05,0.5,0.4,0.9,1.0,0.02,0.9,26,374,0.065,0.71,0.026697290092931522
0,57,58,400,100,0.05,0.5,0.4,0.9,1.0,0.02,0.9,26,374,0.065,0.71,0.02672673064905654
0,58,59,400,100,0.05,0.5,0.4,0.9,1.0,0.02,0.9,26,374,0.065,0.71,0.026759518625632018
0,59,60,400,100,0.05,0.5,0.4,0.9,1.0,0.02,0.9,26,374,0.065,0.71,0.02679604419169084
0,60,61,400,100,0.05,0.5,0.4,0.9,1.0,0.02,0.9,26,374,0.065,0.71,0.02683674527729303
0,61,62,400,100,0.05,0.5,0.4,0.9,1.0,0.02,0.9,26,374,0.065,0.71,0.02688211396487596
0,62,63,400,100,0.05,0.5,0.4,0.9,1.0,0.02,0.9,26,374,0.065,0.71,0.02693270386460616
0,63,64,400,100,0.05,0.5,0.4,0.9,1.0,0.02,0.9,26,374,0.065,0.71,0.026989138654921512
0,64,65,400,100,0.05,0.5,0.4,0.9,1.0,0.02,0.9,26,374,0.065,0.71,0.02705212200948576
0,65,66,400,100,0.05,0.5,0.4,0.9,1.0,0.02,0.9,26,374,0.065,0.71,0.027122449182177693
0,66,67,400,100,0.05,0.5,0.4,0.9,1.0,0.02,0.9,26,374,0.065,0.71,0.027201020585578047
0,67,68,400,100,0.05,0.5,0.4,0.9,1.0,0.02,0.9,26,374,0.065,0.71,0.02728885777980084
0,68,69,400,100,0.05,0.5,0.4,0.9,1.0,0.02,0.9,26,374,0.065,0.71,0.027387122392959814
0,69,70,400,100,0.05,0.5,0.4,0.9,1.0,0.02,0.9,26,374,0.065,0.71,0.027497138629550444
0,70,71,400,100,0.05,0.5,0.4,0.9,1.0,0.02,0.9,26,374,0.065,0.71,0.027620420198802988
0,71,72,400,100,0.05,0.5,0.4,0.9,1.0,0.02,0.9,26,374,0.065,0.71,0.027758702725761756
0,72,73,400,100,0.05,0.5,0.4,0.9,1.0,0.02,0.9,26,374,0.065,0.71,0.027913983013186962
0,73,74,400,100,0.05,0.5,0.4,0.9,1.0,0.02,0.9,26,374,0.065,0.71,0.028088566930140623
0,74,75,400,100,0.05,0.5,0.4,0.9,1.0,0.02,0.9,26,374,0.065,0.715,0.028285128252893144
0,75,76,400,100,0.05,0.5,0.4,0.9,1.0,0.02,0.9,26,374,0.065,0.715,0.02850678153265449
0,76,77,400,100,0.05,0.5,0.4,0.9,1.0,0.02,0.9,26,374,0.065,0.715,0.028757173095959973
0,77,78,400,100,0.05,0.5,0.4,0.9,1.0,0.02,0.9,26,374,0.065,0.715,0.029040595720756707
0,78,79,400,100,0.05,0.5,0.4,0.9,1.0,0.02,0.9,26,374,0.065,0.715,0.029362134559810776
0,79,80,400,100,0.05,0.5,0.4,0.9,1.0,0.02,0.9,26,374,0.065,0.715,0.029727854786130138
0,80,81,400,100,0.05,0.5,0.4,0.9,1.0,0.02,0.9,26,374,0.065,0.715,0.030145045652442894
0,81,82,400,100,0.05,0.5,0.4,0.9,1.0,0.02,0.9,26,374,0.065,0.715,0.03062254188429979
0,82,83,400,100,0.05,0.5,0.4,0.9,1.0,0.02,0.9,26,374,0.065,0.715,0.031171152688018254
0,83,84,400,100,0.05,0.5,0.4,0.9,1.0,0.02,0.9,26,374,0.065,0.715,0.03180424300659723
0,84,85,400,100,0.05,0.5,0.4,0.9,1.0,0.02,0.9,26,374,0.065,0.715,0.03253853414042688
0,85,86,400,100,0.05,0.5,0.4,0.9,1.0,0.02,0.9,26,374,0.065,0.715,0.033395226928261114
0,86,87,400,100,0.05,0.5,0.4,0.9,1.0,0.02,0.9,26,374,0.065,0.715,0.034401610148887596
0,87,88,400,100,0.05,0.5,0.4,0.9,1.0,0.02,0.9,26,374,0.065,0.72,0.03559341780589705
0,88,89,400,100,0.05,0.5,0.4,0.9,1.0,0.02,0.9,26,374,0.065,0.72,0.03701837644750494
0,89,90,400,100,0.05,0.5,0.4,0.9,1.0,0.02,0.9,26,374,0.065,0.72,0.03874170792276196
0,90,91,400,100,0.05,0.5,0.4,0.9,1.0,0.02,0.9,26,374,0.065,0.72,0.04085497246018045
0,91,92,400,100,0.05,0.5,0.4,0.9,1.0,0.02,0.9,26,374,0.065,0.72,0.04349088398079171
0,92,93,400,100,0.05,0.5,0.4,0.9,1.0,0.02,0.9,26,374,0.065,0.72,0.04684940004889847
0,93,94,400,100,0.05,0.5,0.4,0.9,1.0,0.02,0.9,26,374,0.065,0.725,0.051246550477247646
0,94,95,400,100,0.05,0.5,0.4,0.9,1.0,0.02,0.9,26,374,0.065,0.725,0.057213054146045245
0,95,96,400,100,0.05,0.5,0.4,0.9,1.0,0.02,0.9,26,374,0.065,0.725,0.06571407686049353
0,96,97,400,100,0.05,0.5,0.4,0.9,1.0,0.02,0.9,26,374,0.065,0.725,0.07870843429072744
0,97,98,400,100,0.05,0.5,0.4,0.9,1.0,0.02,0.9,26,374,0.065,0.725,0.1008710116265301
0,98,99,400,100,0.05,0.5,0.4,0.9,1.0,0.02,0.9,26,374,0.065,0.725,0.14679933160380726
0,99,100,400,100,0.05,0.5,0.4,0.9,1.0,0.02,0.9,26,374,0.065,0.725,0.29710939554921967
1,0,1,400,100,0.05,0.5,0.4,0.9,1.0,0.02,0.9,19,381,0.0475,0.0,0.02643592590823947
1,1,2,400,100,0.05,0.5,0.4,0.9,1.0,0.02,0.9,20,380,0.05,0.355,0.026436004885828195
1,2,3,400,100,0.05,0.5,0.4,0.9,1.0,0.02,0.9,20,380,0.05,0.385,0.026436092639258005
1,3,4,400,100,0.05,0.5,0.4,0.9,1.0,0.02,0.9,21,379,0.0525,0.49,0.026436190143752203
1,4,5,400,100,0.05,0.5,0.4,0.9,1.0,0.02,0.9,21,379,0.0525,0.49,0.026436298482922657
1,5,6,400,100,0.05,0.5,0.4,0.9,1.0,0.02,0.9,21,379,0.0525,0.54,0.026436418860820182
1,6,7,400,100,0.05,0.5,0.4,0.9,1.0,0.02,0.9,21,379,0.0525,0.55,0.026436552615325407
1,7,8,400,100,0.05,0.5,0.4,0.9,1.0,0.02,0.9,21,379,0.0525,0.6,0.026436701233029745
1,8,9,400,100,0.05,0.5,0.4,0.9,1.0,0.02,0.9,21,379,0.0525,0.61,0.026436866365772107
1,9,10,400,100,0.05,0.5,0.4,0.9,1.0,0.02,0.9,21,379,0.0525,0.61,0.026437049849016486
1,10,11,400,100,0.05,0.5,0.4,0.9,1.0,0.02,0.9,21,379,0.0525,0.615,0.026437253722275154
1,11,12,400,100,0.05,0.5,0.4,0.9,1.0,0.02,0.9,21,379,0.0525,0.63,0.02643748025180602
1,12,13,400,100,0.05,0.5,0.4,0.9,1.0,0.02,0.9,21,379,0.0525,0.63,0.026437731955837852
1,13,14,400,100,0.05,0.5,0.4,0.9,1.0,0.02,0.9,21,379,0.0525,0.635,0.026438011632605587
1,14,15,400,100,0.05,0.5,0.4,0.9,1.0,0.02,0.9,21,379,0.0525,0.635,0.026438322391509787
1,15,16,400,100,0.05,0.5,0.4,0.9,1.0,0.02,0.9,21,379,0.0525,0.64,0.02643866768774938
1,16,17,400,100,0.05,0.5,0.4,0.9,1.0,0.02,0.9,21,379,0.0525,0.645,0.026439051360816323
1,17,18,400,100,0.05,0.5,0.4,0.9,1.0,0.02,0.9,21,379,0.0525,0.655,0.02643947767728451
1,18,19,400,100,0.05,0.5,0.4,0.9,1.0,0.02,0.9,21,379,0.0525,0.655,0.02643995137837397
1,19,20,400,100,0.05,0.5,0.4,0.9,1.0,0.02,0.9,21,379,0.0525,0.67,0.026440477732826075
1,20,21,400,100,0.05,0.5,0.4,0.9,1.0,0.02,0.9,21,379,0.0525,0.67,0.026441062595685745
1,21,22,400,100,0.05,0.5,0.4,0.9,1.0,0.02,0.9,21,379,0.0525,0.67,0.026441712473654764
1,22,23,400,100,0.05,0.5,0.4,0.9,1.0,0.02,0.9,21,379,0.0525,0.67,0.026442434597755405
1,23,24,400,100,0.05,0.5,0.4,0.9,1.0,0.02,0.9,21,379,0.0525,0.67,0.026443237004128324
1,24,25,400,100,0.05,0.5,0.4,0.9,1.0,0.02,0.9,21,379,0.0525,0.67,0.02644412862388257
1,25,26,400,100,0.05,0.5,0.4,0.9,1.0,0.02,0.9,21,379,0.0525,0.675,0.026445119383021215
1,26,27,400,100,0.05,0.5,0.4,0.9,1.0,0.02,0.9,21,379,0.0525,0.68,0.026446220313583613
1,27,28,400,100,0.05,0.5,0.4,0.9,1.0,0.02,0.9,21,379,0.0525,0.68,0.026447443677277555
1,28,29,400,100,0.05,0.5,0.4,0.9,1.0,0.02,0.9,21,379,0.0525,0.69,0.026448803103022025
1,29,30,400,100,0.05,0.5,0.4,0.9,1.0,0.02,0.9,21,379,0.0525,0.69,0.026450313739987182
1,30,31,400,100,0.05,0.5,0.4,0.9,1.0,0.02,0.9,21,379,0.0525,0.695,0.02645199242790394
1,31,32,400,100,0.05,0.5,0.4,0.9,1.0,0.02,0.9,21,379,0.0525,0.695,0.02645385788662454
1,32,33,400,100,0.05,0.5,0.4,0.9,1.0,0.02,0.9,21,379,0.0525,0.705,0.026455930927150234
1,33,34,400,100,0.05,0.5,0.4,0.9,1.0,0.02,0.9,21,379,0.0525,0.705,0.026458234686606873
1,34,35,400,100,0.05,0.5,0.4,0.9,1.0,0.02,0.9,21,379,0.0525,0.705,0.02646079488994719
1,35,36,400,100,0.05,0.5,0.4,0.9,1.0,0.02,0.9,21,379,0.0525,0.705,0.026463640141495513
1,36,37,400,100,0.05,0.5,0.4,0.9,1.0,0.02,0.9,21,379,0.0525,0.71,0.026466802249831164
1,37,38,400,100,0.05,0.5,0.4,0.9,1.0,0.02,0.9,21,379,0.0525,0.71,0.026470316589938273
1,38,39,400,100,0.05,0.5,0.4,0.9,1.0,0.02,0.9,21,379,0.0525,0.71,0.026474222507039114
1,39,40,400,100,0.05,0.5,0.4,0.9,1.0,0.02,0.9,21,379,0.0525,0.71,0.026478563767084632
1,40,41,400,100,0.05,0.5,0.4,0.9,1.0,0.02,0.9,21,379,0.0525,0.71,0.02648338905950983
1,41,42,400,100,0.05,0.5,0.4,0.9,1.0,0.02,0.9,21,379,0.0525,0.71,0.026488752558586064
1,42,43,400,100,0.05,0.5,0.4,0.9,1.0,0.02,0.9,21,379,0.0525,0.71,0.026494714550530745
1,43,44,400,100,0.05,0.5,0.4,0.9,1.0,0.02,0.9,21,379,0.0525,0.71,0.02650134213448694
1,44,45,400,100,0.05,0.5,0.4,0.9,1.0,0.02,0.9,21,379,0.0525,0.71,0.026508710006579315
1,45,46,400,100,0.05,0.5,0.4,0.9,1.0,0.02,0.9,21,379,0.0525,0.71,0.026516901337516833
1,46,47,400,100,0.05,0.5,0.4,0.9,1.0,0.02,0.9,21,379,0.0525,0.71,0.026526008755674672
1,47,48,400,100,0.05,0.5,0.4,0.9,1.0,0.02,0.9,21,379,0.0525,0.71,0.026536135449285982
1,48,49,400,100,0.05,0.5,0.4,0.9,1.0,0.02,0.9,21,379,0.0525,0.71,0.02654739640335273
1,49,50,400,100,0.05,0.5,0.4,0.9,1.0,0.02,0.9,21,379,0.0525,0.71,0.02655991978919785
1,50,51,400,100,0.05,0.5,0.4,0.9,1.0,0.02,0.9,21,379,0.0525,0.71,0.026573848527294993
1,51,52,400,100,0.05,0.5,0.4,0.9,1.0,0.02,0.9,21,379,0.0525,0.71,0.026589342047208978
1,52,53,400,100,0.05,0.5,0.4,0.9,1.0,0.02,0.9,21,379,0.0525,0.71,0.026606578272259363
1,53,54,400,100,0.05,0.5,0.4,0.9,1.0,0.02,0.9,21,379,0.0525,0.715,0.026625755861006607
1,54,55,400,100,0.05,0.5,0.4,0.9,1.0,0.02,0.9,21,379,0.0525,0.715,0.026647096743008546
1,55,56,400,100,0.05,0.5,0.4,0.9,1.0,0.02,0.9,21,379,0.0525,0.715,0.026670848992698074
1,56,57,400,100,0.05,0.5,0.4,0.9,1.0,0.02,0.9,21,379,0.0525,0.715,0.026697290092931522
1,57,58,400,100,0.05,0.5,0.4,0.9,1.0,0.02,0.9,21,379,0.0525,0.715,0.02672673064905654
1,58,59,400,100,0.05,0.5,0.4,0.9,1.0,0.02,0.9,21,379,0.0525,0.72,0.026759518625632018
1,59,60,400,100,0.05,0.5,0.4,0.9,1.0,0.02,0.9,21,379,0.0525,0.72,0.02679604419169084
1,60,61,400,100,0.05,0.5,0.4,0.9,1.0,0.02,0.9,21,379,0.0525,0.725,0.02683674527729303
1,61,62,400,100,0.05,0.5,0.4,0.9,1.0,0.02,0.9,21,379,0.0525,0.725,0.02688211396487596
1,62,63,400,100,0.05,0.5,0.4,0.9,1.0,0.02,0.9,21,379,0.0525,0.725,0.02693270386460616
1,63,64,400,100,0.05,0.5,0.4,0.9,1.0,0.02,0.9,21,379,0.0525,0.725,0.026989138654921512
1,64,65,400,100,0.05,0.5,0.4,0.9,1.0,0.02,0.9,21,379,0.0525,0.725,0.02705212200948576
1,65,66,400,100,0.05,0.5,0.4,0.9,1.0,0.02,0.9,21,379,0.0525,0.725,0.027122449182177693
1,66,67,400,100,0.05,0.5,0.4,0.9,1.0,0.02,0.9,21,379,0.0525,0.725,0.027201020585578047
1,67,68,400,100,0.05,0.5,0.4,0.9,1.0,0.02,0.9,21,379,0.0525,0.725,0.02728885777980084
1,68,69,400,100,0.05,0.5,0.4,0.9,1.0,0.02,0.9,21,379,0.0525,0.725,0.027387122392959814
1,69,70,400,100,0.05,0.5,0.4,0.9,1.0,0.02,0.9,21,379,0.0525,0.725,0.027497138629550444
1,70,71,400,100,0.05,0.5,0.4,0.9,1.0,0.02,0.9,21,379,0.0525,0.725,0.027620420198802988
1,71,72,400,100,0.05,0.5,0.4,0.9,1.0,0.02,0.9,21,379,0.0525,0.725,0.027758702725761756
1,72,73,400,100,0.05,0.5,0.4,0.9,1.0,0.02,0.9,21,379,0.0525,0.725,0.027913983013186962
1,73,74,400,100,0.05,0.5,0.4,0.9,1.0,0.02,0.9,21,379,0.0525,0.725,0.028088566930140623
1,74,75,400,100,0.05,0.5,0.4,0.9,1.0,0.02,0.9,21,379,0.0525,0.73,0.028285128252893144
1,75,76,400,100,0.05,0.5,0.4,0.9,1.0,0.02,0.9,21,379,0.0525,0.73,0.02850678153265449
1,76,77,400,100,0.05,0.5,0.4,0.9,1.0,0.02,0.9,21,379,0.0525,0.73,0.028757173095959973
1,77,78,400,100,0.05,0.5,0.4,0.9,1.0,0.02,0.9,21,379,0.0525,0.73,0.029040595720756707
1,78,79,400,100,0.05,0.5,0.4,0.9,1.0,0.02,0.9,21,379,0.0525,0.73,0.029362134559810776
1,79,80,400,100,0.05,0.5,0.4,0.9,1.0,0.02,0.9,21,379,0.0525,0.73,0.029727854786130138
1,80,81,400,100,0.05,0.5,0.4,0.9,1.0,0.02,0.9,21,379,0.0525,0.73,0.030145045652442894
1,81,82,400,100,0.05,0.5,0.4,0.9,1.0,0.02,0.9,21,379,0.0525,0.73,0.03062254188429979
1,82,83,400,100,0.05,0.5,0.4,0.9,1.0,0.02,0.9,21,379,0.0525,0.73,0.031171152688018254
1,83,84,400,100,0.05,0.5,0.4,0.9,1.0,0.02,0.9,21,379,0.0525,0.73,0.03180424300659723
1,84,85,400,100,0.05,0.5,0.4,0.9,1.0,0.02,0.9,21,379,0.0525,0.73,0.03253853414042688
1,85,86,400,100,0.05,0.5,0.4,0.9,1.0,0.02,0.9,21,379,0.0525,0.73,0.033395226928261114
1,86,87,400,100,0.05,0.5,0.4,0.9,1.0,0.02,0.9,21,379,0.0525,0.73,0.034401610148887596
1,87,88,400,100,0.05,0.5,0.4,0.9,1.0,0.02,0.9,21,379,0.0525,0.73,0.03559341780589705
1,88,89,400,100,0.05,0.5,0.4,0.9,1.0,0.02,0.9,21,379,0.0525,0.73,0.03701837644750494
1,89,90,400,100,0.05,0.5,0.4,0.9,1.0,0.02,0.9,21,379,0.0525,0.73,0.03874170792276196
1,90,91,400,100,0.05,0.5,0.4,0.9,1.0,0.02,0.9,21,379,0.0525,0.73,0.04085497246018045
1,91,92,400,100,0.05,0.5,0.4,0.9,1.0,0.02,0.9,21,379,0.0525,0.73,0.04349088398079171
1,92,93,400,100,0.05,0.5,0.4,0.9,1.0,0.02,0.9,21,379,0.0525,0.73,0.04684940004889847
1,93,94,400,100,0.05,0.5,0.4,0.9,1.0,0.02,0.9,21,379,0.0525,0.73,0.051246550477247646
1,94,95,400,100,0.05,0.5,0.4,0.9,1.0,0.02,0.9,21,379,0.0525,0.73,0.057213054146045245
1,95,96,400,100,0.05,0.5,0.4,0.9,1.0,0.02,0.9,21,379,0.0525,0.73,0.06571407686049353
1,96,97,400,100,0.05,0.5,0.4,0.9,1.0,0.02,0.9,21,379,0.0525,0.73,0.07870843429072744
1,97,98,400,100,0.05,0.5,0.4,0.9,1.0,0.02,0.9,21,379,0.0525,0.73,0.1008710116265301
1,98,99,400,100,0.05,0.5,0.4,0.9,1.0,0.02,0.9,21,379,0.0525,0.73,0.14679933160380726
1,99,100,400,100,0.05,0.5,0.4,0.9,1.0,0.02,0.9,21,379,0.0525,0.73,0.29710939554921967
2,0,1,400,100,0.05,0.5,0.4,0.9,1.0,0.02,0.9,16,384,0.04,0.0,0.02643592590823947
2,1,2,400,100,0.05,0.5,0.4,0.9,1.0,0.02,0.9,17,383,0.0425,0.375,0.026436004885828195
2,2,3,400,100,0.05,0.5,0.4,0.9,1.0,0.02,0.9,18,382,0.045,0.42,0.026436092639258005
2,3,4,400,100,0.05,0.5,0.4,0.9,1.0,0.02,0.9,18,382,0.045,0.51,0.026436190143752203
2,4,5,400,100,0.05,0.5,0.4,0.9,1.0,0.02,0.9,18,382,0.045,0.54,0.026436298482922657
2,5,6,400,100,0.05,0.5,0.4,0.9,1.0,0.02,0.9,18,382,0.045,0.585,0.026436418860820182
2,6,7,400,100,0.05,0.5,0.4,0.9,1.0,0.02,0.9,18,382,0.045,0.6,0.026436552615325407
2,7,8,400,100,0.05,0.5,0.4,0.9,1.0,0.02,0.9,18,382,0.045,0.62,0.026436701233029745
2,8,9,400,100,0.05,0.5,0.4,0.9,1.0,0.02,0.9,18,382,0.045,0.625,0.026436866365772107
2,9,10,400,100,0.05,0.5,0.4,0.9,1.0,0.02,0.9,18,382,0.045,0.635,0.026437049849016486
2,10,11,400,100,0.05,0.5,0.4,0.9,1.0,0.02,0.9,18,382,0.045,0.635,0.026437253722275154
2,11,12,400,100,0.05,0.5,0.4,0.9,1.0,0.02,0.9,18,382,0.045,0.645,0.02643748025180602
2,12,13,400,100,0.05,0.5,0.4,0.9,1.0,0.02,0.9,18,382,0.045,0.65,0.026437731955837852
2,13,14,400,100,0.05,0.5,0.4,0.9,1.0,0.02,0.9,19,381,0.0475,0.66,0.026438011632605587
2,14,15,400,100,0.05,0.5,0.4,0.9,1.0,0.02,0.9,19,381,0.0475,0.665,0.026438322391509787
2,15,16,400,100,0.05,0.5,0.4,0.9,1.0,0.02,0.9,19,381,0.0475,0.67,0.02643866768774938
2,16,17,400,100,0.05,0.5,0.4,0.9,1.0,0.02,0.9,19,381,0.0475,0.67,0.026439051360816323
2,17,18,400,100,0.05,0.5,0.4,0.9,1.0,0.02,0.9,19,381,0.0475,0.67,0.02643947767728451
2,18,19,400,100,0.05,0.5,0.4,0.9,1.0,0.02,0.9,19,381,0.0475,0.67,0.02643995137837397
2,19,20,400,100,0.05,0.5,0.4,0.9,1.0,0.02,0.9,19,381,0.0475,0.68,0.026440477732826075
2,20,21,400,100,0.05,0.5,0.4,0.9,1.0,0.02,0.9,19,381,0.0475,0.685,0.026441062595685745
2,21,22,400,100,0.05,0.5,0.4,0.9,1.0,0.02,0.9,19,381,0.0475,0.685,0.026441712473654764
2,22,23,400,100,0.05,0.5,0.4,0.9,1.0,0.02,0.9,19,381,0.0475,0.69,0.026442434597755405
2,23,24,400,100,0.05,0.5,0.4,0.9,1.0,0.02,0.9,19,381,0.0475,0.69,0.026443237004128324
2,24,25,400,100,0.05,0.5,0.4,0.9,1.0,0.02,0.9,19,381,0.0475,0.69,0.02644412862388257
2,25,26,400,100,0.05,0.5,0.4,0.9,1.0,0.02,0.9,19,381,0.0475,0.69,0.026445119383021215
2,26,27,400,100,0.05,0.5,0.4,0.9,1.0,0.02,0.9,19,381,0.0475,0.69,0.026446220313583613
2,27,28,400,100,0.05,0.5,0.4,0.9,1.0,0.02,0.9,19,381,0.0475,0.69,0.026447443677277555
2,28,29,400,100,0.05,0.5,0.4,0.9,1.0,0.02,0.9,19,381,0.0475,0.69,0.026448803103022025
2,29,30,400,100,0.05,0.5,0.4,0.9,1.0,0.02,0.9,19,381,0.0475,0.69,0.026450313739987182
2,30,31,400,100,0.05,0.5,0.4,0.9,1.0,0.02,0.9,19,381,0.0475,0.69,0.02645199242790394
2,31,32,400,100,0.05,0.5,0.4,0.9,1.0,0.02,0.9,19,381,0.0475,0.69,0.02645385788662454
2,32,33,400,100,0.05,0.5,0.4,0.9,1.0,0.02,0.9,19,381,0.0475,0.69,0.026455930927150234
2,33,34,400,100,0.05,0.5,0.4,0.9,1.0,0.02,0.9,19,381,0.0475,0.69,0.026458234686606873
2,34,35,400,100,0.05,0.5,0.4,0.9,1.0,0.02,0.9,19,381,0.0475,0.69,0.02646079488994719
2,35,36,400,100,0.05,0.5,0.4,0.9,1.0,0.02,0.9,19,381,0.0475,0.695,0.026463640141495513
2,36,37,400,100,0.05,0.5,0.4,0.9,1.0,0.02,0.9,19,381,0.0475,0.7,0.026466802249831164
2,37,38,400,100,0.05,0.5,0.4,0.9,1.0,0.02,0.9,19,381,0.0475,0.705,0.026470316589938273
2,38,39,400,100,0.05,0.5,0.4,0.9,1.0,0.02,0.9,19,381,0.0475,0.705,0.026474222507039114
2,39,40,400,100,0.05,0.5,0.4,0.9,1.0,0.02,0.9,19,381,0.0475,0.71,0.026478563767084632
2,40,41,400,100,0.05,0.5,0.4,0.9,1.0,0.02,0.9,19,381,0.0475,0.71,0.02648338905950983
2,41,42,400,100,0.05,0.5,0.4,0.9,1.0,0.02,0.9,19,381,0.0475,0.71,0.026488752558586064
2,42,43,400,100,0.05,0.5,0.4,0.9,1.0,0.02,0.9,19,381,0.0475,0.71,0.026494714550530745
2,43,44,400,100,0.05,0.5,0.4,0.9,1.0,0.02,0.9,19,381,0.0475,0.71,0.02650134213448694
2,44,45,400,100,0.05,0.5,0.4,0.9,1.0,0.02,0.9,19,381,0.0475,0.71,0.026508710006579315
2,45,46,400,100,0.05,0.5,0.4,0.9,1.0,0.02,0.9,19,381,0.0475,0.71,0.026516901337516833
2,46,47,400,100,0.05,0.5,0.4,0.9,1.0,0.02,0.9,19,381,0.0475,0.71,0.026526008755674672
2,47,48,400,100,0.05,0.5,0.4,0.9,1.0,0.02,0.9,19,381,0.0475,0.71,0.026536135449285982
2,48,49,400,100,0.05,0.5,0.4,0.9,1.0,0.02,0.9,19,381,0.0475,0.71,0.02654739640335273
2,49,50,400,100,0.05,0.5,0.4,0.9,1.0,0.02,0.9,19,381,0.0475,0.71,0.02655991978919785
2,50,51,400,100,0.05,0.5,0.4,0.9,1.0,0.02,0.9,19,381,0.0475,0.71,0.026573848527294993
2,51,52,400,100,0.05,0.5,0.4,0.9,1.0,0.02,0.9,19,381,0.0475,0.71,0.026589342047208978
2,52,53,400,100,0.05,0.5,0.4,0.9,1.0,0.02,0.9,19,381,0.0475,0.71,0.026606578272259363
2,53,54,400,100,0.05,0.5,0.4,0.9,1.0,0.02,0.9,19,381,0.0475,0.715,0.026625755861006607
2,54,55,400,100,0.05,0.5,0.4,0.9,1.0,0.02,0.9,19,381,0.0475,0.715,0.026647096743008546
2,55,56,400,100,0.05,0.5,0.4,0.9,1.0,0.02,0.9,19,381,0.0475,0.715,0.026670848992698074
2,56,57,400,100,0.05,0.5,0.4,0.9,1.0,0.02,0.9,19,381,0.0475,0.715,0.026697290092931522
2,57,58,400,100,0.05,0.5,0.4,0.9,1.0,0.02,0.9,19,381,0.0475,0.715,0.02672673064905654
2,58,59,400,100,0.05,0.5,0.4,0.9,1.0,0.02,0.9,19,381,0.0475,0.715,0.026759518625632018
2,59,60,400,100,0.05,0.5,0.4,0.9,1.0,0.02,0.9,19,381,0.0475,0.715,0.02679604419169084
2,60,61,400,100,0.05,0.5,0.4,0.9,1.0,0.02,0.9,19,381,0.0475,0.715,0.02683674527729303
2,61,62,400,100,0.05,0.5,0.4,0.9,1.0,0.02,0.9,19,381,0.0475,0.715,0.02688211396487596
2,62,63,400,100,0.05,0.5,0.4,0.9,1.0,0.02,0.9,19,381,0.0475,0.72,0.02693270386460616
2,63,64,400,100,0.05,0.5,0.4,0.9,1.0,0.02,0.9,19,381,0.0475,0.72,0.026989138654921512
2,64,65,400,100,0.05,0.5,0.4,0.9,1.0,0.02,0.9,19,381,0.0475,0.72,0.02705212200948576
2,65,66,400,100,0.05,0.5,0.4,0.9,1.0,0.02,0.9,19,381,0.0475,0.72,0.027122449182177693
2,66,67,400,100,0.05,0.5,0.4,0.9,1.0,0.02,0.9,19,381,0.0475,0.72,0.027201020585578047
2,67,68,400,100,0.05,0.5,0.4,0.9,1.0,0.02,0.9,19,381,0.0475,0.72,0.02728885777980084
2,68,69,400,100,0.05,0.5,0.4,0.9,1.0,0.02,0.9,19,381,0.0475,0.72,0.027387122392959814
2,69,70,400,100,0.05,0.5,0.4,0.9,1.0,0.02,0.9,19,381,0.0475,0.72,0.027497138629550444
2,70,71,400,100,0.05,0.5,0.4,0.9,1.0,0.02,0.9,19,381,0.0475,0.72,0.027620420198802988
2,71,72,400,100,0.05,0.5,0.4,0.9,1.0,0.02,0.9,19,381,0.0475,0.72,0.027758702725761756
2,72,73,400,100,0.05,0.5,0.4,0.9,1.0,0.02,0.9,19,381,0.0475,0.72,0.027913983013186962
2,73,74,400,100,0.05,0.5,0.4,0.9,1.0,0.02,0.9,19,381,0.0475,0.72,0.028088566930140623
2,74,75,400,100,0.05,0.5,0.4,0.9,1.0,0.02,0.9,19,381,0.0475,0.72,0.028285128252893144
2,75,76,400,100,0.05,0.5,0.4,0.9,1.0,0.02,0.9,19,381,0.0475,0.725,0.02850678153265449
2,76,77,400,100,0.05,0.5,0.4,0.9,1.0,0.02,0.9,19,381,0.0475,0.725,0.028757173095959973
2,77,78,400,100,0.05,0.5,0.4,0.9,1.0,0.02,0.9,19,381,0.0475,0.725,0.029040595720756707
2,78,79,400,100,0.05,0.5,0.4,0.9,1.0,0.02,0.9,19,381,0.0475,0.725,0.029362134559810776
2,79,80,400,100,0.05,0.5,0.4,0.9,1.0,0.02,0.9,19,381,0.0475,0.725,0.029727854786130138
2,80,81,400,100,0.05,0.5,0.4,0.9,1.0,0.02,0.9,19,381,0.0475,0.725,0.030145045652442894
2,81,82,400,100,0.05,0.5,0.4,0.9,1.0,0.02,0.9,19,381,0.0475,0.725,0.03062254188429979
2,82,83,400,100,0.05,0.5,0.4,0.9,1.0,0.02,0.9,19,381,0.0475,0.725,0.031171152688018254
2,83,84,400,100,0.05,0.5,0.4,0.9,1.0,0.02,0.9,19,381,0.0475,0.725,0.03180424300659723
2,84,85,400,100,0.05,0.5,0.4,0.9,1.0,0.02,0.9,19,381,0.0475,0.725,0.03253853414042688
2,85,86,400,100,0.05,0.5,0.4,0.9,1.0,0.02,0.9,19,381,0.0475,0.725,0.033395226928261114
2,86,87,400,100,0.05,0.5,0.4,0.9,1.0,0.02,0.9,19,381,0.0475,0.725,0.034401610148887596
2,87,88,400,100,0.05,0.5,0.4,0.9,1.0,0.02,0.9,19,381,0.0475,0.725,0.03559341780589705
2,88,89,400,100,0.05,0.5,0.4,0.9,1.0,0.02,0.9,19,381,0.0475,0.725,0.03701837644750494
2,89,90,400,100,0.05,0.5,0.4,0.9,1.0,0.02,0.9,19,381,0.0475,0.725,0.03874170792276196
2,90,91,400,100,0.05,0.5,0.4,0.9,1.0,0.02,0.9,19,381,0.0475,0.725,0.04085497246018045
2,91,92,400,100,0.05,0.5,0.4,0.9,1.0,0.02,0.9,19,381,0.0475,0.725,0.04349088398079171
2,92,93,400,100,0.05,0.5,0.4,0.9,1.0,0.02,0.9,19,381,0.0475,0.725,0.04684940004889847
2,93,94,400,100,0.05,0.5,0.4,0.9,1.0,0.02,0.9,19,381,0.0475,0.725,0.051246550477247646
2,94,95,400,100,0.05,0.5,0.4,0.9,1.0,0.02,0.9,19,381,0.0475,0.725,0.057213054146045245
2,95,96,400,100,0.05,0.5,0.4,0.9,1.0,0.02,0.9,19,381,0.0475,0.725,0.06571407686049353
2,96,97,400,100,0.05,0.5,0.4,0.9,1.0,0.02,0.9,19,381,0.0475,0.725,0.07870843429072744
2,97,98,400,100,0.05,0.5,0.4,0.9,1.0,0.02,0.9,19,381,0.0475,0.725,0.1008710116265301
2,98,99,400,100,0.05,0.5,0.4,0.9,1.0,0.02,0.9,19,381,0.0475,0.725,0.14679933160380726
2,99,100,400,100,0.05,0.5,0.4,0.9,1.0,0.02,0.9,19,381,0.0475,0.725,0.29710939554921967
3,0,1,400,100,0.05,0.5,0.4,0.9,1.0,0.02,0.9,16,384,0.04,0.0,0.02643592590823947
3,1,2,400,100,0.05,0.5,0.4,0.9,1.0,0.02,0.9,17,383,0.0425,0.405,0.026436004885828195
3,2,3,400,100,0.05,0.5,0.4,0.9,1.0,0.02,0.9,17,383,0.0425,0.415,0.026436092639258005
3,3,4,400,100,0.05,0.5,0.4,0.9,1.0,0.02,0.9,17,383,0.0425,0.52,0.026436190143752203
3,4,5,400,100,0.05,0.5,0.4,0.9,1.0,0.02,0.9,18,382,0.045,0.535,0.026436298482922657
3,5,6,400,100,0.05,0.5,0.4,0.9,1.0,0.02,0.9,18,382,0.045,0.56,0.026436418860820182
3,6,7,400,100,0.05,0.5,0.4,0.9,1.0,0.02,0.9,18,382,0.045,0.565,0.026436552615325407
3,7,8,400,100,0.05,0.5,0.4,0.9,1.0,0.02,0.9,18,382,0.045,0.59,0.026436701233029745
3,8,9,400,100,0.05,0.5,0.4,0.9,1.0,0.02,0.9,18,382,0.045,0.59,0.026436866365772107
3,9,10,400,100,0.05,0.5,0.4,0.9,1.0,0.02,0.9,18,382,0.045,0.61,0.026437049849016486
3,10,11,400,100,0.05,0.5,0.4,0.9,1.0,0.02,0.9,18,382,0.045,0.615,0.026437253722275154
3,11,12,400,100,0.05,0.5,0.4,0.9,1.0,0.02,0.9,18,382,0.045,0.63,0.02643748025180602
3,12,13,400,100,0.05,0.5,0.4,0.9,1.0,0.02,0.9,18,382,0.045,0.63,0.026437731955837852
3,13,14,400,100,0.05,0.5,0.4,0.9,1.0,0.02,0.9,18,382,0.045,0.635,0.026438011632605587
3,14,15,400,100,0.05,0.5,0.4,0.9,1.0,0.02,0.9,18,382,0.045,0.635,0.026438322391509787
3,15,16,400,100,0.05,0.5,0.4,0.9,1.0,0.02,0.9,18,382,0.045,0.65,0.02643866768774938
3,16,17,400,100,0.05,0.5,0.4,0.9,1.0,0.02,0.9,18,382,0.045,0.65,0.026439051360816323
3,17,18,400,100,0.05,0.5,0.4,0.9,1.0,0.02,0.9,18,382,0.045,0.66,0.02643947767728451
3,18,19,400,100,0.05,0.5,0.4,0.9,1.0,0.02,0.9,18,382,0.045,0.67,0.02643995137837397
3,19,20,400,100,0.05,0.5,0.4,0.9,1.0,0.02,0.9,18,382,0.045,0.675,0.026440477732826075
3,20,21,400,100,0.05,0.5,0.4,0.9,1.0,0.02,0.9,18,382,0.045,0.675,0.026441062595685745
3,21,22,400,100,0.05,0.5,0.4,0.9,1.0,0.02,0.9,18,382,0.045,0.685,0.026441712473654764
3,22,23,400,100,0.05,0.5,0.4,0.9,1.0,0.02,0.9,18,382,0.045,0.685,0.026442434597755405
3,23,24,400,100,0.05,0.5,0.4,0.9,1.0,0.02,0.9,18,382,0.045,0.685,0.026443237004128324
3,24,25,400,100,0.05,0.5,0.4,0.9,1.0,0.02,0.9,18,382,0.045,0.685,0.02644412862388257
3,25,26,400,100,0.05,0.5,0.4,0.9,1.0,0.02,0.9,18,382,0.045,0.685,0.026445119383021215
3,26,27,400,100,0.05,0.5,0.4,0.9,1.0,0.02,0.9,18,382,0.045,0.69,0.026446220313583613
3,27,28,400,100,0.05,0.5,0.4,0.9,1.0,0.02,0.9,18,382,0.045,0.695,0.026447443677277555
3,28,29,400,100,0.05,0.5,0.4,0.9,1.0,0.02,0.9,18,382,0.045,0.705,0.026448803103022025
3,29,30,400,100,0.05,0.5,0.4,0.9,1.0,0.02,0.9,18,382,0.045,0.71,0.026450313739987182
3,30,31,400,100,0.05,0.5,0.4,0.9,1.0,0.02,0.9,18,382,0.045,0.715,0.02645199242790394
3,31,32,400,100,0.05,0.5,0.4,0.9,1.0,0.02,0.9,18,382,0.045,0.715,0.02645385788662454
3,32,33,400,100,0.05,0.5,0.4,0.9,1.0,0.02,0.9,18,382,0.045,0.715,0.026455930927150234
3,33,34,400,100,0.05,0.5,0.4,0.9,1.0,0.02,0.9,18,382,0.045,0.72,0.026458234686606873
3,34,35,400,100,0.05,0.5,0.4,0.9,1.0,0.02,0.9,18,382,0.045,0.72,0.02646079488994719
3,35,36,400,100,0.05,0.5,0.4,0.9,1.0,0.02,0.9,18,382,0.045,0.72,0.026463640141495513
3,36,37,400,100,0.05,0.5,0.4,0.9,1.0,0.02,0.9,18,382,0.045,0.72,0.026466802249831164
3,37,38,400,100,0.05,0.5,0.4,0.9,1.0,0.02,0.9,18,382,0.045,0.72,0.026470316589938273
3,38,39,400,100,0.05,0.5,0.4,0.9,1.0,0.02,0.9,18,382,0.045,0.72,0.026474222507039114
3,39,40,400,100,0.05,0.5,0.4,0.9,1.0,0.02,0.9,18,382,0.045,0.72,0.026478563767084632
3,40,41,400,100,0.05,0.5,0.4,0.9,1.0,0.02,0.9,18,382,0.045,0.725,0.02648338905950983
3,41,42,400,100,0.05,0.5,0.4,0.9,1.0,0.02,0.9,18,382,0.045,0.725,0.026488752558586064
3,42,43,400,100,0.05,0.5,0.4,0.9,1.0,0.02,0.9,18,382,0.045,0.725,0.026494714550530745
3,43,44,400,100,0.05,0.5,0.4,0.9,1.0,0.02,0.9,18,382,0.045,0.725,0.02650134213448694
3,44,45,400,100,0.05,0.5,0.4,0.9,1.0,0.02,0.9,18,382,0.045,0.725,0.026508710006579315
3,45,46,400,100,0.05,0.5,0.4,0.9,1.0,0.02,0.9,18,382,0.045,0.725,0.026516901337516833
3,46,47,400,100,0.05,0.5,0.4,0.9,1.0,0.02,0.9,18,382,0.045,0.725,0.026526008755674672
3,47,48,400,100,0.05,0.5,0.4,0.9,1.0,0.02,0.9,18,382,0.045,0.725,0.026536135449285982
3,48,49,400,100,0.05,0.5,0.4,0.9,1.0,0.02,0.9,18,382,0.045,0.725,0.02654739640335273
3,49,50,400,100,0.05,0.5,0.4,0.9,1.0,0.02,0.9,18,382,0.045,0.725,0.02655991978919785
3,50,51,400,100,0.05,0.5,0.4,0.9,1.0,0.02,0.9,18,382,0.045,0.725,0.026573848527294993
3,51,52,400,100,0.05,0.5,0.4,0.9,1.0,0.02,0.9,18,382,0.045,0.73,0.026589342047208978
3,52,53,400,100,0.05,0.5,0.4,0.9,1.0,0.02,0.9,18,382,0.045,0.73,0.026606578272259363
3,53,54,400,100,0.05,0.5,0.4,0.9,1.0,0.02,0.9,18,382,0.045,0.73,0.026625755861006607
3,54,55,400,100,0.05,0.5,0.4,0.9,1.0,0.02,0.9,18,382,0.045,0.735,0.026647096743008546
3,55,56,400,100,0.05,0.5,0.4,0.9,1.0,0.02,0.9,18,382,0.045,0.735,0.026670848992698074
3,56,57,400,100,0.05,0.5,0.4,0.9,1.0,0.02,0.9,18,382,0.045,0.735,0.026697290092931522
3,57,58,400,100,0.05,0.5,0.4,0.9,1.0,0.02,0.9,18,382,0.045,0.735,0.02672673064905654
3,58,59,400,100,0.05,0.5,0.4,0.9,1.0,0.02,0.9,18,382,0.045,0.74,0.026759518625632018
3,59,60,400,100,0.05,0.5,0.4,0.9,1.0,0.02,0.9,18,382,0.045,0.74,0.02679604419169084
3,60,61,400,100,0.05,0.5,0.4,0.9,1.0,0.02,0.9,18,382,0.045,0.74,0.02683674527729303
3,61,62,400,100,0.05,0.5,0.4,0.9,1.0,0.02,0.9,18,382,0.045,0.74,0.02688211396487596
3,62,63,400,100,0.05,0.5,0.4,0.9,1.0,0.02,0.9,18,382,0.045,0.74,0.02693270386460616
3,63,64,400,100,0.05,0.5,0.4,0.9,1.0,0.02,0.9,18,382,0.045,0.745,0.026989138654921512
3,64,65,400,100,0.05,0.5,0.4,0.9,1.0,0.02,0.9,18,382,0.045,0.745,0.02705212200948576
3,65,66,400,100,0.05,0.5,0.4,0.9,1.0,0.02,0.9,18,382,0.045,0.745,0.027122449182177693
3,66,67,400,100,0.05,0.5,0.4,0.9,1.0,0.02,0.9,18,382,0.045,0.745,0.027201020585578047
3,67,68,400,100,0.05,0.5,0.4,0.9,1.0,0.02,0.9,18,382,0.045,0.75,0.02728885777980084
3,68,69,400,100,0.05,0.5,0.4,0.9,1.0,0.02,0.9,18,382,0.045,0.75,0.027387122392959814
3,69,70,400,100,0.05,0.5,0.4,0.9,1.0,0.02,0.9,18,382,0.045,0.75,0.027497138629550444
3,70,71,400,100,0.05,0.5,0.4,0.9,1.0,0.02,0.9,18,382,0.045,0.75,0.027620420198802988
3,71,72,400,100,0.05,0.5,0.4,0.9,1.0,0.02,0.9,18,382,0.045,0.75,0.027758702725761756
3,72,73,400,100,0.05,0.5,0.4,0.9,1.0,0.02,0.9,18,382,0.045,0.75,0.027913983013186962
3,73,74,400,100,0.05,0.5,0.4,0.9,1.0,0.02,0.9,18,382,0.045,0.755,0.028088566930140623
3,74,75,400,100,0.05,0.5,0.4,0.9,1.0,0.02,0.9,18,382,0.045,0.755,0.028285128252893144
3,75,76,400,100,0.05,0.5,0.4,0.9,1.0,0.02,0.9,18,382,0.045,0.755,0.02850678153265449
3,76,77,400,100,0.05,0.5,0.4,0.9,1.0,0.02,0.9,18,382,0.045,0.755,0.028757173095959973
3,77,78,400,100,0.05,0.5,0.4,0.9,1.0,0.02,0.9,18,382,0.045,0.755,0.029040595720756707
3,78,79,400,100,0.05,0.5,0.4,0.9,1.0,0.02,0.9,18,382,0.045,0.755,0.029362134559810776
3,79,80,400,100,0.05,0.5,0.4,0.9,1.0,0.02,0.9,18,382,0.045,0.755,0.029727854786130138
3,80,81,400,100,0.05,0.5,0.4,0.9,1.0,0.02,0.9,18,382,0.045,0.755,0.030145045652442894
3,81,82,400,100,0.05,0.5,0.4,0.9,1.0,0.02,0.9,18,382,0.045,0.755,0.03062254188429979
3,82,83,400,100,0.05,0.5,0.4,0.9,1.0,0.02,0.9,18,382,0.045,0.755,0.031171152688018254
3,83,84,400,100,0.05,0.5,0.4,0.9,1.0,0.02,0.9,18,382,0.045,0.755,0.03180424300659723
3,84,85,400,100,0.05,0.5,0.4,0.9,1.0,0.02,0.9,18,382,0.045,0.76,0.03253853414042688
3,85,86,400,100,0.05,0.5,0.4,0.9,1.0,0.02,0.9,18,382,0.045,0.76,0.033395226928261114
3,86,87,400,100,0.05,0.5,0.4,0.9,1.0,0.02,0.9,18,382,0.045,0.76,0.034401610148887596
3,87,88,400,100,0.05,0.5,0.4,0.9,1.0,0.02,0.9,18,382,0.045,0.76,0.03559341780589705
3,88,89,400,100,0.05,0.5,0.4,0.9,1.0,0.02,0.9,18,382,0.045,0.76,0.03701837644750494
3,89,90,400,100,0.05,0.5,0.4,0.9,1.0,0.02,0.9,18,382,0.045,0.76,0.03874170792276196
3,90,91,400,100,0.05,0.5,0.4,0.9,1.0,0.02,0.9,18,382,0.045,0.76,0.04085497246018045
3,91,92,400,100,0.05,0.5,0.4,0.9,1.0,0.02,0.9,18,382,0.045,0.76,0.04349088398079171
3,92,93,400,100,0.05,0.5,0.4,0.9,1.0,0.02,0.9,18,382,0.045,0.76,0.04684940004889847
3,93,94,400,100,0.05,0.5,0.4,0.9,1.0,0.02,0.9,18,382,0.045,0.76,0.051246550477247646
3,94,95,400,100,0.05,0.5,0.4,0.9,1.0,0.02,0.9,18,382,0.045,0.76,0.057213054146045245
3,95,96,400,100,0.05,0.5,0.4,0.9,1.0,0.02,0.9,18,382,0.045,0.76,0.06571407686049353
3,96,97,400,100,0.05,0.5,0.4,0.9,1.0,0.02,0.9,18,382,0.045,0.76,0.07870843429072744
3,97,98,400,100,0.05,0.5,0.4,0.9,1.0,0.02,0.9,18,382,0.045,0.76,0.1008710116265301
3,98,99,400,100,0.05,0.5,0.4,0.9,1.0,0.02,0.9,18,382,0.045,0.76,0.14679933160380726
3,99,100,400,100,0.05,0.5,0.4,0.9,1.0,0.02,0.9,18,382,0.045,0.76,0.29710939554921967
4,0,1,400,100,0.05,0.5,0.4,0.9,1.0,0.02,0.9,14,386,0.035,0.0,0.02643592590823947
4,1,2,400,100,0.05,0.5,0.4,0.9,1.0,0.02,0.9,14,386,0.035,0.41,0.026436004885828195
4,2,3,400,100,0.05,0.5,0.4,0.9,1.0,0.02,0.9,14,386,0.035,0.43,0.026436092639258005
4,3,4,400,100,0.05,0.5,0.4,0.9,1.0,0.02,0.9,17,383,0.0425,0.515,0.026436190143752203
4,4,5,400,100,0.05,0.5,0.4,0.9,1.0,0.02,0.9,17,383,0.0425,0.52,0.026436298482922657
4,5,6,400,100,0.05,0.5,0.4,0.9,1.0,0.02,0.9,17,383,0.0425,0.57,0.026436418860820182
4,6,7,400,100,0.05,0.5,0.4,0.9,1.0,0.02,0.9,19,381,0.0475,0.6,0.026436552615325407
4,7,8,400,100,0.05,0.5,0.4,0.9,1.0,0.02,0.9,19,381,0.0475,0.605,0.026436701233029745
4,8,9,400,100,0.05,0.5,0.4,0.9,1.0,0.02,0.9,19,381,0.0475,0.61,0.026436866365772107
4,9,10,400,100,0.05,0.5,0.4,0.9,1.0,0.02,0.9,19,381,0.0475,0.635,0.026437049849016486
4,10,11,400,100,0.05,0.5,0.4,0.9,1.0,0.02,0.9,19,381,0.0475,0.64,0.026437253722275154
4,11,12,400,100,0.05,0.5,0.4,0.9,1.0,0.02,0.9,19,381,0.0475,0.64,0.02643748025180602
4,12,13,400,100,0.05,0.5,0.4,0.9,1.0,0.02,0.9,19,381,0.0475,0.65,0.026437731955837852
4,13,14,400,100,0.05,0.5,0.4,0.9,1.0,0.02,0.9,19,381,0.0475,0.65,0.026438011632605587
4,14,15,400,100,0.05,0.5,0.4,0.9,1.0,0.02,0.9,19,381,0.0475,0.655,0.026438322391509787
4,15,16,400,100,0.05,0.5,0.4,0.9,1.0,0.02,0.9,19,381,0.0475,0.655,0.02643866768774938
4,16,17,400,100,0.05,0.5,0.4,0.9,1.0,0.02,0.9,19,381,0.0475,0.66,0.026439051360816323
4,17,18,400,100,0.05,0.5,0.4,0.9,1.0,0.02,0.9,19,381,0.0475,0.66,0.02643947767728451
4,18,19,400,100,0.05,0.5,0.4,0.9,1.0,0.02,0.9,19,381,0.0475,0.665,0.02643995137837397
4,19,20,400,100,0.05,0.5,0.4,0.9,1.0,0.02,0.9,19,381,0.0475,0.665,0.026440477732826075
4,20,21,400,100,0.05,0.5,0.4,0.9,1.0,0.02,0.9,19,381,0.0475,0.665,0.026441062595685745
4,21,22,400,100,0.05,0.5,0.4,0.9,1.0,0.02,0.9,19,381,0.0475,0.67,0.026441712473654764
4,22,23,400,100,0.05,0.5,0.4,0.9,1.0,0.02,0.9,19,381,0.0475,0.67,0.026442434597755405
4,23,24,400,100,0.05,0.5,0.4,0.9,1.0,0.02,0.9,19,381,0.0475,0.67,0.026443237004128324
4,24,25,400,100,0.05,0.5,0.4,0.9,1.0,0.02,0.9,19,381,0.0475,0.67,0.02644412862388257
4,25,26,400,100,0.05,0.5,0.4,0.9,1.0,0.02,0.9,19,381,0.0475,0.67,0.026445119383021215
4,26,27,400,100,0.05,0.5,0.4,0.9,1.0,0.02,0.9,19,381,0.0475,0.675,0.026446220313583613
4,27,28,400,100,0.05,0.5,0.4,0.9,1.0,0.02,0.9,19,381,0.0475,0.675,0.026447443677277555
4,28,29,400,100,0.05,0.5,0.4,0.9,1.0,0.02,0.9,19,381,0.0475,0.675,0.026448803103022025
4,29,30,400,100,0.05,0.5,0.4,0.9,1.0,0.02,0.9,19,381,0.0475,0.675,0.026450313739987182
4,30,31,400,100,0.05,0.5,0.4,0.9,1.0,0.02,0.9,19,381,0.0475,0.675,0.02645199242790394
4,31,32,400,100,0.05,0.5,0.4,0.9,1.0,0.02,0.9,19,381,0.0475,0.675,0.02645385788662454
4,32,33,400,100,0.05,0.5,0.4,0.9,1.0,0.02,0.9,19,381,0.0475,0.675,0.026455930927150234
4,33,34,400,100,0.05,0.5,0.4,0.9,1.0,0.02,0.9,19,381,0.0475,0.68,0.026458234686606873
4,34,35,400,100,0.05,0.5,0.4,0.9,1.0,0.02,0.9,19,381,0.0475,0.68,0.02646079488994719
4,35,36,400,100,0.05,0.5,0.4,0.9,1.0,0.02,0.9,19,381,0.0475,0.68,0.026463640141495513
4,36,37,400,100,0.05,0.5,0.4,0.9,1.0,0.02,0.9,19,381,0.0475,0.68,0.026466802249831164
4,37,38,400,100,0.05,0.5,0.4,0.9,1.0,0.02,0.9,19,381,0.0475,0.68,0.026470316589938273
4,38,39,400,100,0.05,0.5,0.4,0.9,1.0,0.02,0.9,19,381,0.0475,0.68,0.026474222507039114
4,39,40,400,100,0.05,0.5,0.4,0.9,1.0,0.02,0.9,19,381,0.0475,0.68,0.026478563767084632
4,40,41,400,100,0.05,0.5,0.4,0.9,1.0,0.02,0.9,19,381,0.0475,0.68,0.02648338905950983
4,41,42,400,100,0.05,0.5,0.4,0.9,1.0,0.02,0.9,19,381,0.0475,0.68,0.026488752558586064
4,42,43,400,100,0.05,0.5,0.4,0.9,1.0,0.02,0.9,19,381,0.0475,0.68,0.026494714550530745
4,43,44,400,100,0.05,0.5,0.4,0.9,1.0,0.02,0.9,19,381,0.0475,0.68,0.02650134213448694
4,44,45,400,100,0.05,0.5,0.4,0.9,1.0,0.02,0.9,19,381,0.0475,0.68,0.026508710006579315
4,45,46,400,100,0.05,0.5,0.4,0.9,1.0,0.02,0.9,19,381,0.0475,0.68,0.026516901337516833
4,46,47,400,100,0.05,0.5,0.4,0.9,1.0,0.02,0.9,19,381,0.0475,0.68,0.026526008755674672
4,47,48,400,100,0.05,0.5,0.4,0.9,1.0,0.02,0.9,19,381,0.0475,0.68,0.026536135449285982
4,48,49,400,100,0.05,0.5,0.4,0.9,1.0,0.02,0.9,19,381,0.0475,0.68,0.02654739640335273
4,49,50,400,100,0.05,0.5,0.4,0.9,1.0,0.02,0.9,19,381,0.0475,0.68,0.02655991978919785
4,50,51,400,100,0.05,0.5,0.4,0.9,1.0,0.02,0.9,19,381,0.0475,0.68,0.026573848527294993
4,51,52,400,100,0.05,0.5,0.4,0.9,1.0,0.02,0.9,19,381,0.0475,0.68,0.026589342047208978
4,52,53,400,100,0.05,0.5,0.4,0.9,1.0,0.02,0.9,19,381,0.0475,0.68,0.026606578272259363
4,53,54,400,100,0.05,0.5,0.4,0.9,1.0,0.02,0.9,19,381,0.0475,0.68,0.026625755861006607
4,54,55,400,100,0.05,0.5,0.4,0.9,1.0,0.02,0.9,19,381,0.0475,0.685,0.026647096743008546
4,55,56,400,100,0.05,0.5,0.4,0.9,1.0,0.02,0.9,19,381,0.0475,0.685,0.026670848992698074
4,56,57,400,100,0.05,0.5,0.4,0.9,1.0,0.02,0.9,19,381,0.0475,0.685,0.026697290092931522
4,57,58,400,100,0.05,0.5,0.4,0.9,1.0,0.02,0.9,19,381,0.0475,0.685,0.02672673064905654
4,58,59,400,100,0.05,0.5,0.4,0.9,1.0,0.02,0.9,19,381,0.0475,0.685,0.026759518625632018
4,59,60,400,100,0.05,0.5,0.4,0.9,1.0,0.02,0.9,19,381,0.0475,0.69,0.02679604419169084
4,60,61,400,100,0.05,0.5,0.4,0.9,1.0,0.02,0.9,19,381,0.0475,0.69,0.02683674527729303
4,61,62,400,100,0.05,0.5,0.4,0.9,1.0,0.02,0.9,19,381,0.0475,0.69,0.02688211396487596
4,62,63,400,100,0.05,0.5,0.4,0.9,1.0,0.02,0.9,19,381,0.0475,0.69,0.02693270386460616
4,63,64,400,100,0.05,0.5,0.4,0.9,1.0,0.02,0.9,19,381,0.0475,0.695,0.026989138654921512
4,64,65,400,100,0.05,0.5,0.4,0.9,1.0,0.02,0.9,19,381,0.0475,0.695,0.02705212200948576
4,65,66,400,100,0.05,0.5,0.4,0.9,1.0,0.02,0.9,19,381,0.0475,0.695,0.027122449182177693
4,66,67,400,100,0.05,0.5,0.4,0.9,1.0,0.02,0.9,19,381,0.0475,0.695,0.027201020585578047
4,67,68,400,100,0.05,0.5,0.4,0.9,1.0,0.02,0.9,19,381,0.0475,0.695,0.02728885777980084
4,68,69,400,100,0.05,0.5,0.4,0.9,1.0,0.02,0.9,19,381,0.0475,0.695,0.027387122392959814
4,69,70,400,100,0.05,0.5,0.4,0.9,1.0,0.02,0.9,19,381,0.0475,0.695,0.027497138629550444
4,70,71,400,100,0.05,0.5,0.4,0.9,1.0,0.02,0.9,19,381,0.0475,0.7,0.027620420198802988
4,71,72,400,100,0.05,0.5,0.4,0.9,1.0,0.02,0.9,19,381,0.0475,0.7,0.027758702725761756
4,72,73,400,100,0.05,0.5,0.4,0.9,1.0,0.02,0.9,19,381,0.0475,0.7,0.027913983013186962
4,73,74,400,100,0.05,0.5,0.4,0.9,1.0,0.02,0.9,19,381,0.0475,0.7,0.028088566930140623
4,74,75,400,100,0.05,0.5,0.4,0.9,1.0,0.02,0.9,19,381,0.0475,0.705,0.028285128252893144
4,75,76,400,100,0.05,0.5,0.4,0.9,1.0,0.02,0.9,19,381,0.0475,0.705,0.02850678153265449
4,76,77,400,100,0.05,0.5,0.4,0.9,1.0,0.02,0.9,19,381,0.0475,0.705,0.028757173095959973
4,77,78,400,100,0.05,0.5,0.4,0.9,1.0,0.02,0.9,19,381,0.0475,0.705,0.029040595720756707
4,78,79,400,100,0.05,0.5,0.4,0.9,1.0,0.02,0.9,19,381,0.0475,0.705,0.029362134559810776
4,79,80,400,100,0.05,0.5,0.4,0.9,1.0,0.02,0.9,19,381,0.0475,0.705,0.029727854786130138
4,80,81,400,100,0.05,0.5,0.4,0.9,1.0,0.02,0.9,19,381,0.0475,0.705,0.030145045652442894
4,81,82,400,100,0.05,0.5,0.4,0.9,1.0,0.02,0.9,19,381,0.0475,0.705,0.03062254188429979
4,82,83,400,100,0.05,0.5,0.4,0.9,1.0,0.02,0.9,19,381,0.0475,0.705,0.031171152688018254
4,83,84,400,100,0.05,0.5,0.4,0.9,1.0,0.02,0.9,19,381,0.0475,0.705,0.03180424300659723
4,84,85,400,100,0.05,0.5,0.4,0.9,1.0,0.02,0.9,19,381,0.0475,0.705,0.03253853414042688
4,85,86,400,100,0.05,0.5,0.4,0.9,1.0,0.02,0.9,19,381,0.0475,0.705,0.033395226928261114
4,86,87,400,100,0.05,0.5,0.4,0.9,1.0,0.02,0.9,19,381,0.0475,0.705,0.034401610148887596
4,87,88,400,100,0.05,0.5,0.4,0.9,1.0,0.02,0.9,19,381,0.0475,0.705,0.03559341780589705
4,88,89,400,100,0.05,0.5,0.4,0.9,1.0,0.02,0.9,19,381,0.0475,0.705,0.03701837644750494
4,89,90,400,100,0.05,0.5,0.4,0.9,1.0,0.02,0.9,19,381,0.0475,0.705,0.03874170792276196
4,90,91,400,100,0.05,0.5,0.4,0.9,1.0,0.02,0.9,19,381,0.0475,0.705,0.04085497246018045
4,91,92,400,100,0.05,0.5,0.4,0.9,1.0,0.02,0.9,19,381,0.0475,0.71,0.04349088398079171
4,92,93,400,100,0.05,0.5,0.4,0.9,1.0,0.02,0.9,19,381,0.0475,0.71,0.04684940004889847
4,93,94,400,100,0.05,0.5,0.4,0.9,1.0,0.02,0.9,19,381,0.0475,0.715,0.051246550477247646
4,94,95,400,100,0.05,0.5,0.4,0.9,1.0,0.02,0.9,19,381,0.0475,0.715,0.057213054146045245
4,95,96,400,100,0.05,0.5,0.4,0.9,1.0,0.02,0.9,19,381,0.0475,0.715,0.06571407686049353
4,96,97,400,100,0.05,0.5,0.4,0.9,1.0,0.02,0.9,19,381,0.0475,0.715,0.07870843429072744
4,97,98,400,100,0.05,0.5,0.4,0.9,1.0,0.02,0.9,19,381,0.0475,0.715,0.1008710116265301
4,98,99,400,100,0.05,0.5,0.4,0.9,1.0,0.02,0.9,19,381,0.0475,0.715,0.14679933160380726
4,99,100,400,100,0.05,0.5,0.4,0.9,1.0,0.02,0.9,19,381,0.0475,0.72,0.29710939554921967
5,0,1,400,100,0.05,0.5,0.4,0.9,1.0,0.02,0.9,23,377,0.0575,0.0,0.02643592590823947
5,1,2,400,100,0.05,0.5,0.4,0.9,1.0,0.02,0.9,25,375,0.0625,0.355,0.026436004885828195
5,2,3,400,100,0.05,0.5,0.4,0.9,1.0,0.02,0.9,28,372,0.07,0.395,0.026436092639258005
5,3,4,400,100,0.05,0.5,0.4,0.9,1.0,0.02,0.9,28,372,0.07,0.505,0.026436190143752203
5,4,5,400,100,0.05,0.5,0.4,0.9,1.0,0.02,0.9,28,372,0.07,0.52,0.026436298482922657
5,5,6,400,100,0.05,0.5,0.4,0.9,1.0,0.02,0.9,28,372,0.07,0.565,0.026436418860820182
5,6,7,400,100,0.05,0.5,0.4,0.9,1.0,0.02,0.9,30,370,0.075,0.565,0.026436552615325407
5,7,8,400,100,0.05,0.5,0.4,0.9,1.0,0.02,0.9,31,369,0.0775,0.57,0.026436701233029745
5,8,9,400,100,0.05,0.5,0.4,0.9,1.0,0.02,0.9,31,369,0.0775,0.585,0.026436866365772107
5,9,10,400,100,0.05,0.5,0.4,0.9,1.0,0.02,0.9,31,369,0.0775,0.595,0.026437049849016486
5,10,11,400,100,0.05,0.5,0.4,0.9,1.0,0.02,0.9,32,368,0.08,0.6,0.026437253722275154
5,11,12,400,100,0.05,0.5,0.4,0.9,1.0,0.02,0.9,33,367,0.0825,0.6,0.02643748025180602
5,12,13,400,100,0.05,0.5,0.4,0.9,1.0,0.02,0.9,33,367,0.0825,0.6,0.026437731955837852
5,13,14,400,100,0.05,0.5,0.4,0.9,1.0,0.02,0.9,33,367,0.0825,0.6,0.026438011632605587
5,14,15,400,100,0.05,0.5,0.4,0.9,1.0,0.02,0.9,33,367,0.0825,0.61,0.026438322391509787
5,15,16,400,100,0.05,0.5,0.4,0.9,1.0,0.02,0.9,33,367,0.0825,0.63,0.02643866768774938
5,16,17,400,100,0.05,0.5,0.4,0.9,1.0,0.02,0.9,33,367,0.0825,0.63,0.026439051360816323
5,17,18,400,100,0.05,0.5,0.4,0.9,1.0,0.02,0.9,33,367,0.0825,0.635,0.02643947767728451
5,18,19,400,100,0.05,0.5,0.4,0.9,1.0,0.02,0.9,33,367,0.0825,0.64,0.02643995137837397
5,19,20,400,100,0.05,0.5,0.4,0.9,1.0,0.02,0.9,33,367,0.0825,0.655,0.026440477732826075
5,20,21,400,100,0.05,0.5,0.4,0.9,1.0,0.02,0.9,33,367,0.0825,0.655,0.026441062595685745
5,21,22,400,100,0.05,0.5,0.4,0.9,1.0,0.02,0.9,33,367,0.0825,0.655,0.026441712473654764
5,22,23,400,100,0.05,0.5,0.4,0.9,1.0,0.02,0.9,33,367,0.0825,0.665,0.026442434597755405
5,23,24,400,100,0.05,0.5,0.4,0.9,1.0,0.02,0.9,33,367,0.0825,0.665,0.026443237004128324
5,24,25,400,100,0.05,0.5,0.4,0.9,1.0,0.02,0.9,33,367,0.0825,0.665,0.02644412862388257
5,25,26,400,100,0.05,0.5,0.4,0.9,1.0,0.02,0.9,33,367,0.0825,0.665,0.026445119383021215
5,26,27,400,100,0.05,0.5,0.4,0.9,1.0,0.02,0.9,33,367,0.0825,0.665,0.026446220313583613
5,27,28,400,100,0.05,0.5,0.4,0.9,1.0,0.02,0.9,33,367,0.0825,0.67,0.026447443677277555
5,28,29,400,100,0.05,0.5,0.4,0.9,1.0,0.02,0.9,33,367,0.0825,0.67,0.026448803103022025
5,29,30,400,100,0.05,0.5,0.4,0.9,1.0,0.02,0.9,33,367,0.0825,0.67,0.026450313739987182
5,30,31,400,100,0.05,0.5,0.4,0.9,1.0,0.02,0.9,33,367,0.0825,0.675,0.02645199242790394
5,31,32,400,100,0.05,0.5,0.4,0.9,1.0,0.02,0.9,33,367,0.0825,0.68,0.02645385788662454
5,32,33,400,100,0.05,0.5,0.4,0.9,1.0,0.02,0.9,33,367,0.0825,0.68,0.026455930927150234
5,33,34,400,100,0.05,0.5,0.4,0.9,1.0,0.02,0.9,33,367,0.0825,0.685,0.026458234686606873
5,34,35,400,100,0.05,0.5,0.4,0.9,1.0,0.02,0.9,33,367,0.0825,0.685,0.02646079488994719
5,35,36,400,100,0.05,0.5,0.4,0.9,1.0,0.02,0.9,33,367,0.0825,0.685,0.026463640141495513
5,36,37,400,100,0.05,0.5,0.4,0.9,1.0,0.02,0.9,33,367,0.0825,0.685,0.026466802249831164
5,37,38,400,100,0.05,0.5,0.4,0.9,1.0,0.02,0.9,33,367,0.0825,0.685,0.026470316589938273
5,38,39,400,100,0.05,0.5,0.4,0.9,1.0,0.02,0.9,33,367,0.0825,0.685,0.026474222507039114
5,39,40,400,100,0.05,0.5,0.4,0.9,1.0,0.02,0.9,33,367,0.0825,0.7,0.026478563767084632
5,40,41,400,100,0.05,0.5,0.4,0.9,1.0,0.02,0.9,33,367,0.0825,0.705,0.02648338905950983
5,41,42,400,100,0.05,0.5,0.4,0.9,1.0,0.02,0.9,33,367,0.0825,0.71,0.026488752558586064
5,42,43,400,100,0.05,0.5,0.4,0.9,1.0,0.02,0.9,33,367,0.0825,0.71,0.026494714550530745
5,43,44,400,100,0.05,0.5,0.4,0.9,1.0,0.02,0.9,33,367,0.0825,0.71,0.02650134213448694
5,44,45,400,100,0.05,0.5,0.4,0.9,1.0,0.02,0.9,33,367,0.0825,0.71,0.026508710006579315
5,45,46,400,100,0.05,0.5,0.4,0.9,1.0,0.02,0.9,33,367,0.0825,0.71,0.026516901337516833
5,46,47,400,100,0.05,0.5,0.4,0.9,1.0,0.02,0.9,33,367,0.0825,0.71,0.026526008755674672
5,47,48,400,100,0.05,0.5,0.4,0.9,1.0,0.02,0.9,33,367,0.0825,0.71,0.026536135449285982
5,48,49,400,100,0.05,0.5,0.4,0.9,1.0,0.02,0.9,33,367,0.0825,0.715,0.02654739640335273
5,49,50,400,100,0.05,0.5,0.4,0.9,1.0,0.02,0.9,33,367,0.0825,0.715,0.02655991978919785
5,50,51,400,100,0.05,0.5,0.4,0.9,1.0,0.02,0.9,33,367,0.0825,0.715,0.026573848527294993
5,51,52,400,100,0.05,0.5,0.4,0.9,1.0,0.02,0.9,33,367,0.0825,0.715,0.026589342047208978
5,52,53,400,100,0.05,0.5,0.4,0.9,1.0,0.02,0.9,33,367,0.0825,0.715,0.026606578272259363
5,53,54,400,100,0.05,0.5,0.4,0.9,1.0,0.02,0.9,33,367,0.0825,0.715,0.026625755861006607
5,54,55,400,100,0.05,0.5,0.4,0.9,1.0,0.02,0.9,33,367,0.0825,0.715,0.026647096743008546
5,55,56,400,100,0.05,0.5,0.4,0.9,1.0,0.02,0.9,33,367,0.0825,0.715,0.026670848992698074
5,56,57,400,100,0.05,0.5,0.4,0.9,1.0,0.02,0.9,33,367,0.0825,0.715,0.026697290092931522
5,57,58,400,100,0.05,0.5,0.4,0.9,1.0,0.02,0.9,33,367,0.0825,0.715,0.02672673064905654
5,58,59,400,100,0.05,0.5,0.4,0.9,1.0,0.02,0.9,33,367,0.0825,0.715,0.026759518625632018
5,59,60,400,100,0.05,0.5,0.4,0.9,1.0,0.02,0.9,33,367,0.0825,0.715,0.02679604419169084
5,60,61,400,100,0.05,0.5,0.4,0.9,1.0,0.02,0.9,33,367,0.0825,0.715,0.02683674527729303
5,61,62,400,100,0.05,0.5,0.4,0.9,1.0,0.02,0.9,33,367,0.0825,0.715,0.02688211396487596
5,62,63,400,100,0.05,0.5,0.4,0.9,1.0,0.02,0.9,33,367,0.0825,0.715,0.02693270386460616
5,63,64,400,100,0.05,0.5,0.4,0.9,1.0,0.02,0.9,33,367,0.0825,0.715,0.026989138654921512
5,64,65,400,100,0.05,0.5,0.4,0.9,1.0,0.02,0.9,33,367,0.0825,0.715,0.02705212200948576
5,65,66,400,100,0.05,0.5,0.4,0.9,1.0,0.02,0.9,33,367,0.0825,0.715,0.027122449182177693
5,66,67,400,100,0.05,0.5,0.4,0.9,1.0,0.02,0.9,33,367,0.0825,0.715,0.027201020585578047
5,67,68,400,100,0.05,0.5,0.4,0.9,1.0,0.02,0.9,33,367,0.0825,0.715,0.02728885777980084
5,68,69,400,100,0.05,0.5,0.4,0.9,1.0,0.02,0.9,33,367,0.0825,0.715,0.027387122392959814
5,69,70,400,100,0.05,0.5,0.4,0.9,1.0,0.02,0.9,33,367,0.0825,0.715,0.027497138629550444
5,70,71,400,100,0.05,0.5,0.4,0.9,1.0,0.02,0.9,33,367,0.0825,0.715,0.027620420198802988
5,71,72,400,100,0.05,0.5,0.4,0.9,1.0,0.02,0.9,33,367,0.0825,0.715,0.027758702725761756
5,72,73,400,100,0.05,0.5,0.4,0.9,1.0,0.02,0.9,33,367,0.0825,0.715,0.027913983013186962
5,73,74,400,100,0.05,0.5,0.4,0.9,1.0,0.02,0.9,33,367,0.0825,0.715,0.028088566930140623
5,74,75,400,100,0.05,0.5,0.4,0.9,1.0,0.02,0.9,33,367,0.0825,0.715,0.028285128252893144
5,75,76,400,100,0.05,0.5,0.4,0.9,1.0,0.02,0.9,33,367,0.0825,0.715,0.02850678153265449
5,76,77,400,100,0.05,0.5,0.4,0.9,1.0,0.02,0.9,33,367,0.0825,0.715,0.028757173095959973
5,77,78,400,100,0.05,0.5,0.4,0.9,1.0,0.02,0.9,33,367,0.0825,0.715,0.029040595720756707
5,78,79,400,100,0.05,0.5,0.4,0.9,1.0,0.02,0.9,33,367,0.0825,0.715,0.029362134559810776
5,79,80,400,100,0.05,0.5,0.4,0.9,1.0,0.02,0.9,33,367,0.0825,0.715,0.029727854786130138
5,80,81,400,100,0.05,0.5,0.4,0.9,1.0,0.02,0.9,33,367,0.0825,0.715,0.030145045652442894
5,81,82,400,100,0.05,0.5,0.4,0.9,1.0,0.02,0.9,33,367,0.0825,0.72,0.03062254188429979
5,82,83,400,100,0.05,0.5,0.4,0.9,1.0,0.02,0.9,33,367,0.0825,0.72,0.031171152688018254
5,83,84,400,100,0.05,0.5,0.4,0.9,1.0,0.02,0.9,33,367,0.0825,0.72,0.03180424300659723
5,84,85,400,100,0.05,0.5,0.4,0.9,1.0,0.02,0.9,33,367,0.0825,0.72,0.03253853414042688
5,85,86,400,100,0.05,0.5,0.4,0.9,1.0,0.02,0.9,33,367,0.0825,0.72,0.033395226928261114
5,86,87,400,100,0.05,0.5,0.4,0.9,1.0,0.02,0.9,33,367,0.0825,0.72,0.034401610148887596
5,87,88,400,100,0.05,0.5,0.4,0.9,1.0,0.02,0.9,33,367,0.0825,0.72,0.03559341780589705
5,88,89,400,100,0.05,0.5,0.4,0.9,1.0,0.02,0.9,33,367,0.0825,0.72,0.03701837644750494
5,89,90,400,100,0.05,0.5,0.4,0.9,1.0,0.02,0.9,33,367,0.0825,0.72,0.03874170792276196
5,90,91,400,100,0.05,0.5,0.4,0.9,1.0,0.02,0.9,33,367,0.0825,0.72,0.04085497246018045
5,91,92,400,100,0.05,0.5,0.4,0.9,1.0,0.02,0.9,33,367,0.0825,0.72,0.04349088398079171
5,92,93,400,100,0.05,0.5,0.4,0.9,1.0,0.02,0.9,33,367,0.0825,0.72,0.04684940004889847
5,93,94,400,100,0.05,0.5,0.4,0.9,1.0,0.02,0.9,33,367,0.0825,0.72,0.051246550477247646
5,94,95,400,100,0.05,0.5,0.4,0.9,1.0,0.02,0.9,33,367,0.0825,0.72,0.057213054146045245
5,95,96,400,100,0.05,0.5,0.4,0.9,1.0,0.02,0.9,33,367,0.0825,0.72,0.06571407686049353
5,96,97,400,100,0.05,0.5,0.4,0.9,1.0,0.02,0.9,33,367,0.0825,0.72,0.07870843429072744
5,97,98,400,100,0.05,0.5,0.4,0.9,1.0,0.02,0.9,33,367,0.0825,0.72,0.1008710116265301
5,98,99,400,100,0.05,0.5,0.4,0.9,1.0,0.02,0.9,33,367,0.0825,0.72,0.14679933160380726
5,99,100,400,100,0.05,0.5,0.4,0.9,1.0,0.02,0.9,33,367,0.0825,0.72,0.29710939554921967
6,0,1,400,100,0.05,0.5,0.4,0.9,1.0,0.02,0.9,13,387,0.0325,0.0,0.02643592590823947
6,1,2,400,100,0.05,0.5,0.4,0.9,1.0,0.02,0.9,14,386,0.035,0.415,0.026436004885828195
6,2,3,400,100,0.05,0.5,0.4,0.9,1.0,0.02,0.9,16,384,0.04,0.44,0.026436092639258005
6,3,4,400,100,0.05,0.5,0.4,0.9,1.0,0.02,0.9,17,383,0.0425,0.52,0.026436190143752203
6,4,5,400,100,0.05,0.5,0.4,0.9,1.0,0.02,0.9,17,383,0.0425,0.53,0.026436298482922657
6,5,6,400,100,0.05,0.5,0.4,0.9,1.0,0.02,0.9,19,381,0.0475,0.56,0.026436418860820182
6,6,7,400,100,0.05,0.5,0.4,0.9,1.0,0.02,0.9,19,381,0.0475,0.545,0.026436552615325407
6,7,8,400,100,0.05,0.5,0.4,0.9,1.0,0.02,0.9,19,381,0.0475,0.58,0.026436701233029745
6,8,9,400,100,0.05,0.5,0.4,0.9,1.0,0.02,0.9,21,379,0.0525,0.585,0.026436866365772107
6,9,10,400,100,0.05,0.5,0.4,0.9,1.0,0.02,0.9,21,379,0.0525,0.605,0.026437049849016486
6,10,11,400,100,0.05,0.5,0.4,0.9,1.0,0.02,0.9,21,379,0.0525,0.615,0.026437253722275154
6,11,12,400,100,0.05,0.5,0.4,0.9,1.0,0.02,0.9,22,378,0.055,0.62,0.02643748025180602
6,12,13,400,100,0.05,0.5,0.4,0.9,1.0,0.02,0.9,22,378,0.055,0.62,0.026437731955837852
6,13,14,400,100,0.05,0.5,0.4,0.9,1.0,0.02,0.9,23,377,0.0575,0.625,0.026438011632605587
6,14,15,400,100,0.05,0.5,0.4,0.9,1.0,0.02,0.9,23,377,0.0575,0.63,0.026438322391509787
6,15,16,400,100,0.05,0.5,0.4,0.9,1.0,0.02,0.9,23,377,0.0575,0.645,0.02643866768774938
6,16,17,400,100,0.05,0.5,0.4,0.9,1.0,0.02,0.9,23,377,0.0575,0.645,0.026439051360816323
6,17,18,400,100,0.05,0.5,0.4,0.9,1.0,0.02,0.9,23,377,0.0575,0.65,0.02643947767728451
6,18,19,400,100,0.05,0.5,0.4,0.9,1.0,0.02,0.9,23,377,0.0575,0.65,0.02643995137837397
6,19,20,400,100,0.05,0.5,0.4,0.9,1.0,0.02,0.9,23,377,0.0575,0.655,0.026440477732826075
6,20,21,400,100,0.05,0.5,0.4,0.9,1.0,0.02,0.9,23,377,0.0575,0.66,0.026441062595685745
6,21,22,400,100,0.05,0.5,0.4,0.9,1.0,0.02,0.9,23,377,0.0575,0.66,0.026441712473654764
6,22,23,400,100,0.05,0.5,0.4,0.9,1.0,0.02,0.9,23,377,0.0575,0.66,0.026442434597755405
6,23,24,400,100,0.05,0.5,0.4,0.9,1.0,0.02,0.9,23,377,0.0575,0.675,0.026443237004128324
6,24,25,400,100,0.05,0.5,0.4,0.9,1.0,0.02,0.9,23,377,0.0575,0.68,0.02644412862388257
6,25,26,400,100,0.05,0.5,0.4,0.9,1.0,0.02,0.9,23,377,0.0575,0.685,0.026445119383021215
6,26,27,400,100,0.05,0.5,0.4,0.9,1.0,0.02,0.9,23,377,0.0575,0.685,0.026446220313583613
6,27,28,400,100,0.05,0.5,0.4,0.9,1.0,0.02,0.9,23,377,0.0575,0.685,0.026447443677277555
6,28,29,400,100,0.05,0.5,0.4,0.9,1.0,0.02,0.9,23,377,0.0575,0.685,0.026448803103022025
6,29,30,400,100,0.05,0.5,0.4,0.9,1.0,0.02,0.9,23,377,0.0575,0.685,0.026450313739987182
6,30,31,400,100,0.05,0.5,0.4,0.9,1.0,0.02,0.9,23,377,0.0575,0.69,0.02645199242790394
6,31,32,400,100,0.05,0.5,0.4,0.9,1.0,0.02,0.9,23,377,0.0575,0.695,0.02645385788662454
6,32,33,400,100,0.05,0.5,0.4,0.9,1.0,0.02,0.9,23,377,0.0575,0.695,0.026455930927150234
6,33,34,400,100,0.05,0.5,0.4,0.9,1.0,0.02,0.9,23,377,0.0575,0.7,0.026458234686606873
6,34,35,400,100,0.05,0.5,0.4,0.9,1.0,0.02,0.9,23,377,0.0575,0.7,0.02646079488994719
6,35,36,400,100,0.05,0.5,0.4,0.9,1.0,0.02,0.9,23,377,0.0575,0.7,0.026463640141495513
6,36,37,400,100,0.05,0.5,0.4,0.9,1.0,0.02,0.9,23,377,0.0575,0.705,0.026466802249831164
6,37,38,400,100,0.05,0.5,0.4,0.9,1.0,0.02,0.9,23,377,0.0575,0.705,0.026470316589938273
6,38,39,400,100,0.05,0.5,0.4,0.9,1.0,0.02,0.9,23,377,0.0575,0.705,0.026474222507039114
6,39,40,400,100,0.05,0.5,0.4,0.9,1.0,0.02,0.9,23,377,0.0575,0.705,0.026478563767084632
6,40,41,400,100,0.05,0.5,0.4,0.9,1.0,0.02,0.9,23,377,0.0575,0.705,0.02648338905950983
6,41,42,400,100,0.05,0.5,0.4,0.9,1.0,0.02,0.9,23,377,0.0575,0.705,0.026488752558586064
6,42,43,400,100,0.05,0.5,0.4,0.9,1.0,0.02,0.9,23,377,0.0575,0.705,0.026494714550530745
6,43,44,400,100,0.05,0.5,0.4,0.9,1.0,0.02,0.9,23,377,0.0575,0.705,0.02650134213448694
6,44,45,400,100,0.05,0.5,0.4,0.9,1.0,0.02,0.9,23,377,0.0575,0.705,0.026508710006579315
6,45,46,400,100,0.05,0.5,0.4,0.9,1.0,0.02,0.9,23,377,0.0575,0.705,0.026516901337516833
6,46,47,400,100,0.05,0.5,0.4,0.9,1.0,0.02,0.9,23,377,0.0575,0.71,0.026526008755674672
6,47,48,400,100,0.05,0.5,0.4,0.9,1.0,0.02,0.9,23,377,0.0575,0.71,0.026536135449285982
6,48,49,400,100,0.05,0.5,0.4,0.9,1.0,0.02,0.9,23,377,0.0575,0.71,0.02654739640335273
6,49,50,400,100,0.05,0.5,0.4,0.9,1.0,0.02,0.9,23,377,0.0575,0.71,0.02655991978919785
6,50,51,400,100,0.05,0.5,0.4,0.9,1.0,0.02,0.9,23,377,0.0575,0.71,0.026573848527294993
6,51,52,400,100,0.05,0.5,0.4,0.9,1.0,0.02,0.9,23,377,0.0575,0.71,0.026589342047208978
6,52,53,400,100,0.05,0.5,0.4,0.9,1.0,0.02,0.9,23,377,0.0575,0.71,0.026606578272259363
6,53,54,400,100,0.05,0.5,0.4,0.9,1.0,0.02,0.9,23,377,0.0575,0.71,0.026625755861006607
6,54,55,400,100,0.05,0.5,0.4,0.9,1.0,0.02,0.9,23,377,0.0575,0.71,0.026647096743008546
6,55,56,400,100,0.05,0.5,0.4,0.9,1.0,0.02,0.9,23,377,0.0575,0.71,0.026670848992698074
6,56,57,400,100,0.05,0.5,0.4,0.9,1.0,0.02,0.9,23,377,0.0575,0.71,0.026697290092931522
6,57,58,400,100,0.05,0.5,0.4,0.9,1.0,0.02,0.9,23,377,0.0575,0.71,0.02672673064905654
6,58,59,400,100,0.05,0.5,0.4,0.9,1.0,0.02,0.9,23,377,0.0575,0.71,0.026759518625632018
6,59,60,400,100,0.05,0.5,0.4,0.9,1.0,0.02,0.9,23,377,0.0575,0.71,0.02679604419169084
6,60,61,400,100,0.05,0.5,0.4,0.9,1.0,0.02,0.9,23,377,0.0575,0.71,0.02683674527729303
6,61,62,400,100,0.05,0.5,0.4,0.9,1.0,0.02,0.9,23,377,0.0575,0.71,0.02688211396487596
6,62,63,400,100,0.05,0.5,0.4,0.9,1.0,0.02,0.9,23,377,0.0575,0.715,0.02693270386460616
6,63,64,400,100,0.05,0.5,0.4,0.9,1.0,0.02,0.9,23,377,0.0575,0.715,0.026989138654921512
6,64,65,400,100,0.05,0.5,0.4,0.9,1.0,0.02,0.9,23,377,0.0575,0.72,0.02705212200948576
6,65,66,400,100,0.05,0.5,0.4,0.9,1.0,0.02,0.9,23,377,0.0575,0.72,0.027122449182177693
6,66,67,400,100,0.05,0.5,0.4,0.9,1.0,0.02,0.9,23,377,0.0575,0.72,0.027201020585578047
6,67,68,400,100,0.05,0.5,0.4,0.9,1.0,0.02,0.9,23,377,0.0575,0.72,0.02728885777980084
6,68,69,400,100,0.05,0.5,0.4,0.9,1.0,0.02,0.9,23,377,0.0575,0.72,0.027387122392959814
6,69,70,400,100,0.05,0.5,0.4,0.9,1.0,0.02,0.9,23,377,0.0575,0.72,0.027497138629550444
6,70,71,400,100,0.05,0.5,0.4,0.9,1.0,0.02,0.9,23,377,0.0575,0.72,0.027620420198802988
6,71,72,400,100,0.05,0.5,0.4,0.9,1.0,0.02,0.9,23,377,0.0575,0.72,0.027758702725761756
6,72,73,400,100,0.05,0.5,0.4,0.9,1.0,0.02,0.9,23,377,0.0575,0.72,0.027913983013186962
6,73,74,400,100,0.05,0.5,0.4,0.9,1.0,0.02,0.9,23,377,0.0575,0.72,0.028088566930140623
6,74,75,400,100,0.05,0.5,0.4,0.9,1.0,0.02,0.9,23,377,0.0575,0.72,0.028285128252893144
6,75,76,400,100,0.05,0.5,0.4,0.9,1.0,0.02,0.9,23,377,0.0575,0.72,0.02850678153265449
6,76,77,400,100,0.05,0.5,0.4,0.9,1.0,0.02,0.9,23,377,0.0575,0.72,0.028757173095959973
6,77,78,400,100,0.05,0.5,0.4,0.9,1.0,0.02,0.9,23,377,0.0575,0.72,0.029040595720756707
6,78,79,400,100,0.05,0.5,0.4,0.9,1.0,0.02,0.9,23,377,0.0575,0.72,0.029362134559810776
6,79,80,400,100,0.05,0.5,0.4,0.9,1.0,0.02,0.9,23,377,0.0575,0.72,0.029727854786130138
6,80,81,400,100,0.05,0.5,0.4,0.9,1.0,0.02,0.9,23,377,0.0575,0.73,0.030145045652442894
6,81,82,400,100,0.05,0.5,0.4,0.9,1.0,0.02,0.9,23,377,0.0575,0.73,0.03062254188429979
6,82,83,400,100,0.05,0.5,0.4,0.9,1.0,0.02,0.9,23,377,0.0575,0.73,0.031171152688018254
6,83,84,400,100,0.05,0.5,0.4,0.9,1.0,0.02,0.9,23,377,0.0575,0.73,0.03180424300659723
6,84,85,400,100,0.05,0.5,0.4,0.9,1.0,0.02,0.9,23,377,0.0575,0.73,0.03253853414042688
6,85,86,400,100,0.05,0.5,0.4,0.9,1.0,0.02,0.9,23,377,0.0575,0.73,0.033395226928261114
6,86,87,400,100,0.05,0.5,0.4,0.9,1.0,0.02,0.9,23,377,0.0575,0.73,0.034401610148887596
6,87,88,400,100,0.05,0.5,0.4,0.9,1.0,0.02,0.9,23,377,0.0575,0.73,0.03559341780589705
6,88,89,400,100,0.05,0.5,0.4,0.9,1.0,0.02,0.9,23,377,0.0575,0.73,0.03701837644750494
6,89,90,400,100,0.05,0.5,0.4,0.9,1.0,0.02,0.9,23,377,0.0575,0.73,0.03874170792276196
6,90,91,400,100,0.05,0.5,0.4,0.9,1.0,0.02,0.9,23,377,0.0575,0.73,0.04085497246018045
6,91,92,400,100,0.05,0.5,0.4,0.9,1.0,0.02,0.9,23,377,0.0575,0.735,0.04349088398079171
6,92,93,400,100,0.05,0.5,0.4,0.9,1.0,0.02,0.9,23,377,0.0575,0.735,0.04684940004889847
6,93,94,400,100,0.05,0.5,0.4,0.9,1.0,0.02,0.9,23,377,0.0575,0.735,0.051246550477247646
6,94,95,400,100,0.05,0.5,0.4,0.9,1.0,0.02,0.9,23,377,0.0575,0.735,0.057213054146045245
6,95,96,400,100,0.05,0.5,0.4,0.9,1.0,0.02,0.9,23,377,0.0575,0.735,0.06571407686049353
6,96,97,400,100,0.05,0.5,0.4,0.9,1.0,0.02,0.9,23,377,0.0575,0.735,0.07870843429072744
6,97,98,400,100,0.05,0.5,0.4,0.9,1.0,0.02,0.9,23,377,0.0575,0.735,0.1008710116265301
6,98,99,400,100,0.05,0.5,0.4,0.9,1.0,0.02,0.9,23,377,0.0575,0.735,0.14679933160380726
6,99,100,400,100,0.05,0.5,0.4,0.9,1.0,0.02,0.9,23,377,0.0575,0.735,0.29710939554921967
